-- liquibase formatted sql

-- changeset pradeep:1627329793243-1
INSERT INTO "application" ("id", "active_flag", "app_name", "app_prefix", "created_by", "created_on", "description", "modified_by", "modified_on", "tenant_id", "timezone", "default_language", "application_id", "left_menu_id", "theme_id", "logo", "right_menu_id", "top_menu_id", "bottom_menu_id", "managed_flag") VALUES ('511401b9-1300-45c7-99cc-36e8b95aae52', 'Y', 'Yoroflow', 'abcd', '${customerUserId}', '2019-12-24 18:14:00', '${tenantId}', '${tenantId}', '2020-07-21 08:44:46.133', '${tenantId}', 'CST', 'en', 'Yoroflow-App', '4c98b424-ff35-4c27-894d-9fc6d9d49cc4', NULL, '', NULL, NULL, NULL, 'Y');

-- changeset pradeep:1627329793243-2
INSERT INTO   "yoro_groups" ("id", "active_flag", "created_by", "created_on", "description", "group_name", "modified_by", "modified_on", "tenant_id", "managed_flag") VALUES ('040e0ad6-e4c2-475f-a8d2-9e4c2505ae5b', 'Y', '${customerUserId}', '2020-04-17 16:12:01', 'Admin', 'Admin', '${customerUserId}', '2020-04-17 16:12:01', '${tenantId}', 'N');
INSERT INTO   "yoro_groups" ("id", "active_flag", "created_by", "created_on", "description", "group_name", "modified_by", "modified_on", "tenant_id", "managed_flag") VALUES ('7eda9d01-6ea7-4c1e-9201-2eda3fc2b080', 'Y', '${customerUserId}', '2020-08-27 17:07:07.72', 'Basic Privilege Group', 'Basic Privilege Group', '${customerUserId}', '2020-08-27 17:07:07.72', '${tenantId}', 'Y');

-- changeset pradeep:1627329793243-3
INSERT INTO   "auth_two_factor_methods" ("id", "method_name", "active_flag", "created_by", "created_on", "updated_by", "updated_on", "tenant_id") VALUES ('362aa1f1-0721-4d6a-a445-b4d851ce9ebc', 'Authy Authenticator', 'Y', '${customerUserId}', '2021-07-16 15:01:38', '${customerUserId}', '2021-07-16 15:01:38', '${tenantId}');
INSERT INTO   "auth_two_factor_methods" ("id", "method_name", "active_flag", "created_by", "created_on", "updated_by", "updated_on", "tenant_id") VALUES ('66244a6b-94ac-4b2f-8f62-07e8f99e1df0', 'Google Authenticator', 'Y', '${customerUserId}', '2021-07-16 15:01:38', '${customerUserId}', '2021-07-16 15:01:38', '${tenantId}');
--INSERT INTO   "auth_two_factor_methods" ("id", "method_name", "active_flag", "created_by", "created_on", "updated_by", "updated_on", "tenant_id") VALUES ('90db99c1-7213-42b4-9279-fc09ba483775', 'Email Authenticator', 'Y', '${customerUserId}', '2021-07-16 15:01:38', '${customerUserId}', '2021-07-16 15:01:38', '${tenantId}');

-- changeset pradeep:1627329793243-11
INSERT INTO   "page" ("id", "active_flag", "created_by", "created_on", "description", "layout_type", "modified_by", "modified_on", "page_data", "page_id", "page_link", "page_name", "tenant_id", "application_id", "qualifier", "status", "page_version", "is_workflow_form", "managed_flag") VALUES ('43d86601-b492-40c9-90e6-fabdb2a39371', 'Y', '${customerUserId}', '2020-05-08 14:10:10.8', NULL, 'managedPage', '${customerUserId}', '2020-05-08 14:34:06.258', '{"yorosisPageId":"43d86601-b492-40c9-90e6-fabdb2a39371","pageName":"Failed Task","pageId":"failedtask","description":null,"layoutType":null,"applicationId":"511401b9-1300-45c7-99cc-36e8b95aae52","applicationName":"Yoroflow","sections":[{"name":null,"childSection":null,"width":100,"collapsible":false,"repeatable":null,"repeatableName":null,"border":false,"tableName":"failedtask","primaryKey":"uuid","parentTable":null,"description":null,"sections":null,"rows":[{"row":2,"rowWidth":100,"layoutDirection":"row","layoutResponsiveDirection":"column","layoutGap":20,"totalColumns":1,"alignment":"start start","columns":[{"controlType":"grid","field":{"name":null,"defaultValue":null,"control":{"gridId":"Failed Tasks","numberOfClicks":"","screenType":"","targetPageId":"failedtask"},"label":{"labelName":null,"labelOption":"floating"},"dataType":null,"fieldWidth":100,"unique":false,"editable":true,"sensitive":false,"enableHyperlink":false,"dateFormat":null,"rows":0,"cols":0,"dateValidation":{"dateValidation":false,"allowFurtureDate":false,"operator":null,"fromField":null,"toField":null},"onSelection":{"onSelectionChange":false,"fieldType":null,"loadDataLabel":null,"targetPageId":null,"passParameter":null,"pageType":null},"validations":[{"type":null,"value":null}],"conditionalChecks":{"enable":{"option":false,"fields":[]},"show":{"option":false,"fields":[]},"required":{"option":false,"fields":[]}}}}]}],"conditionallyApplicable":null,"fieldName":null,"value":null,"logicalSectionName":null,"foreignKey":null,"groupValidation":{"required":false,"conditionalFields":[{"fieldName":"","value":"","fieldLabel":null}],"requiredFields":[{"fieldName":"","value":"","fieldLabel":null}]}}],"manageFlag":true,"isWorkflowForm":false,"qualifier":"external","status":"draft","pageIdWithPrefix":null,"security":null}', 'failedtask', NULL, 'Failed Task', '${tenantId}', '511401b9-1300-45c7-99cc-36e8b95aae52', 'external', 'draft', 1, 'false', 'Y');

-- changeset pradeep:1627329793243-12
INSERT INTO   "page_permissions" ("id", "active_flag", "create_allowed", "created_by", "created_on", "delete_allowed", "modified_by", "modified_on", "read_allowed", "tenant_id", "update_allowed", "page_id", "group_id") VALUES ('8d5013b9-76ba-4418-a523-101c9d125da1', 'Y', 'Y', '${customerUserId}', '2020-05-08 14:58:10.549', 'Y', '${customerUserId}', '2020-05-08 14:58:10.549', 'Y', '${tenantId}', 'Y', '43d86601-b492-40c9-90e6-fabdb2a39371', '040e0ad6-e4c2-475f-a8d2-9e4c2505ae5b');

-- changeset pradeep:1627329793243-5
INSERT INTO   "custom_pages" ("id", "page_id", "json", "application_id", "tenant_id", "page_name", "menu_path", "active_flag", "page_version", "managed_flag") VALUES ('0516ee11-c1bf-4488-a640-32410b008cfa', 'app-task-flow', NULL, '511401b9-1300-45c7-99cc-36e8b95aae52', '${tenantId}', 'Workflow', 'workflow', 'Y', 1, 'Y');
INSERT INTO   "custom_pages" ("id", "page_id", "json", "application_id", "tenant_id", "page_name", "menu_path", "active_flag", "page_version", "managed_flag") VALUES ('21b8264a-a55b-4672-b8c1-68b03bbbfb75', 'app-my-pending-task', NULL, '511401b9-1300-45c7-99cc-36e8b95aae52', '${tenantId}', 'My Tasks', 'my-pending-task', 'Y', 1, 'Y');
INSERT INTO   "custom_pages" ("id", "page_id", "json", "application_id", "tenant_id", "page_name", "menu_path", "active_flag", "page_version", "managed_flag") VALUES ('b9de72ee-c965-4455-9311-ab8900e1ad7e', 'app-my-launched-task', NULL, '511401b9-1300-45c7-99cc-36e8b95aae52', '${tenantId}', 'My Launches', 'my-launched-task', 'Y', 1, 'Y');
INSERT INTO   "custom_pages" ("id", "page_id", "json", "application_id", "tenant_id", "page_name", "menu_path", "active_flag", "page_version", "managed_flag") VALUES ('7644318d-afff-4a4f-8cd8-db88a7872b51', 'app-work-flow-dashboard', NULL, '511401b9-1300-45c7-99cc-36e8b95aae52', '${tenantId}', 'Dashboard', 'dashboard', 'Y', 1, 'Y');
INSERT INTO   "custom_pages" ("id", "page_id", "json", "application_id", "tenant_id", "page_name", "menu_path", "active_flag", "page_version", "managed_flag") VALUES ('1757435a-426a-4034-8252-ea91d5a7c6f1', 'app-my-done-task', NULL, '511401b9-1300-45c7-99cc-36e8b95aae52', '${tenantId}', 'Completed Task', 'my-done-task', 'Y', 1, 'Y');
INSERT INTO   "custom_pages" ("id", "page_id", "json", "application_id", "tenant_id", "page_name", "menu_path", "active_flag", "page_version", "managed_flag") VALUES ('c1495a3c-1db7-4a62-9bf9-52fe7dc24183', 'app-user-management''', NULL, NULL, '${tenantId}', 'User Management', 'user-management', 'Y', 1, 'Y');
INSERT INTO   "custom_pages" ("id", "page_id", "json", "application_id", "tenant_id", "page_name", "menu_path", "active_flag", "page_version", "managed_flag") VALUES ('caaf1762-fe57-4911-92e0-27013e1e0abc', 'app-group', NULL, NULL, '${tenantId}', 'Group', 'group', 'Y', 1, 'Y');
INSERT INTO   "custom_pages" ("id", "page_id", "json", "application_id", "tenant_id", "page_name", "menu_path", "active_flag", "page_version", "managed_flag") VALUES ('1935bd8a-045f-45f8-80be-442a96ba72ac', 'app-table-object', NULL, NULL, '${tenantId}', 'Table Objects', 'table-object', 'Y', 1, 'Y');
INSERT INTO   "custom_pages" ("id", "page_id", "json", "application_id", "tenant_id", "page_name", "menu_path", "active_flag", "page_version", "managed_flag") VALUES ('f38e5da3-d869-49a8-921b-532b15428c97', 'app-process-instance-running-list', NULL, NULL, '${tenantId}', 'Process Instance Running List', 'process-instance-running-list', 'Y', 1, 'Y');
INSERT INTO   "custom_pages" ("id", "page_id", "json", "application_id", "tenant_id", "page_name", "menu_path", "active_flag", "page_version", "managed_flag") VALUES ('5bd80c02-8990-4e14-b260-55d97c4c1f8d', 'app-create-application', NULL, NULL, '${tenantId}', 'Create Application', 'app/create', 'Y', 1, 'Y');
INSERT INTO   "custom_pages" ("id", "page_id", "json", "application_id", "tenant_id", "page_name", "menu_path", "active_flag", "page_version", "managed_flag") VALUES ('746f37ec-bd35-49d0-8a17-3f24346d7ecc', 'app-process-instance-failed-list', NULL, NULL, '${tenantId}', 'Process Instance Failed List', 'process-instance-failed-list', 'Y', 1, 'Y');
INSERT INTO   "custom_pages" ("id", "page_id", "json", "application_id", "tenant_id", "page_name", "menu_path", "active_flag", "page_version", "managed_flag") VALUES ('6d6b8e46-ddd1-431d-bc55-f7821292df0e', 'app-process-instance-completed-list', NULL, NULL, '${tenantId}', 'Process Instance Completed List', 'process-instance-completed-list', 'Y', 1, 'Y');
INSERT INTO   "custom_pages" ("id", "page_id", "json", "application_id", "tenant_id", "page_name", "menu_path", "active_flag", "page_version", "managed_flag") VALUES ('0656c32e-52ea-485a-a775-c34ffe27ecf7', 'app-generate-reports', NULL, NULL, '${tenantId}', 'Dashboard Report', 'generate-reports', 'Y', 1, 'Y');
INSERT INTO   "custom_pages" ("id", "page_id", "json", "application_id", "tenant_id", "page_name", "menu_path", "active_flag", "page_version", "managed_flag") VALUES ('6d94cc3d-9f2e-4784-9512-12cf30c808e0', 'app-workflow-items', NULL, NULL, '${tenantId}', 'WorkFlow Application', 'workflow-application', 'Y', 1, 'Y');
INSERT INTO   "custom_pages" ("id", "page_id", "json", "application_id", "tenant_id", "page_name", "menu_path", "active_flag", "page_version", "managed_flag") VALUES ('97f6aff1-6b24-4009-b71d-611ede5b33b1', 'app-layout', NULL, NULL, '${tenantId}', 'Application Layout Page Configuration', 'app-layout', 'Y', 1, 'Y');
INSERT INTO   "custom_pages" ("id", "page_id", "json", "application_id", "tenant_id", "page_name", "menu_path", "active_flag", "page_version", "managed_flag") VALUES ('52215e4d-b6c6-4942-a2c0-f7c7fd1a0cb9', 'app-page', NULL, NULL, '${tenantId}', 'Page Configuration', 'create/page', 'Y', 1, 'Y');
INSERT INTO   "custom_pages" ("id", "page_id", "json", "application_id", "tenant_id", "page_name", "menu_path", "active_flag", "page_version", "managed_flag") VALUES ('bdf0ed75-68e6-4697-99b8-c1fc164ad5c6', 'app-page-list', NULL, NULL, '${tenantId}', 'Page List', 'page-list', 'Y', 1, 'Y');
INSERT INTO   "custom_pages" ("id", "page_id", "json", "application_id", "tenant_id", "page_name", "menu_path", "active_flag", "page_version", "managed_flag") VALUES ('de5dd631-dbf2-41f7-b137-ae08ca42e940', 'app-menu', NULL, NULL, '${tenantId}', 'Menu Configuration', 'menu-config', 'Y', 1, 'Y');
INSERT INTO   "custom_pages" ("id", "page_id", "json", "application_id", "tenant_id", "page_name", "menu_path", "active_flag", "page_version", "managed_flag") VALUES ('c4f5f2de-dd09-4d0c-98e6-f41a86f76fcd', 'app-grid', NULL, NULL, '${tenantId}', 'Grid Configuration', 'grid-config', 'Y', 1, 'Y');
INSERT INTO   "custom_pages" ("id", "page_id", "json", "application_id", "tenant_id", "page_name", "menu_path", "active_flag", "page_version", "managed_flag") VALUES ('bd160882-392c-4d44-a7e8-5edad9f8a949', 'app-user-group-association', NULL, NULL, '${tenantId}', 'User Group Association', 'user-group-association', 'Y', 1, 'Y');
INSERT INTO   "custom_pages" ("id", "page_id", "json", "application_id", "tenant_id", "page_name", "menu_path", "active_flag", "page_version", "managed_flag") VALUES ('cc27d23b-96b9-4f3c-a1a8-41bddddcae41', 'app-layout-page-list', NULL, NULL, '${tenantId}', 'Application Layout Page List', 'app-layout-page-list', 'Y', 1, 'Y');
INSERT INTO   "custom_pages" ("id", "page_id", "json", "application_id", "tenant_id", "page_name", "menu_path", "active_flag", "page_version", "managed_flag") VALUES ('be25720b-6dbf-4016-9635-b7a947866601', 'app-application-dashboard', NULL, NULL, '${tenantId}', 'Application Dashboard', 'application-dashboard', 'Y', 1, 'Y');
INSERT INTO   "custom_pages" ("id", "page_id", "json", "application_id", "tenant_id", "page_name", "menu_path", "active_flag", "page_version", "managed_flag") VALUES ('dcc13747-a1fb-4bd5-9e0d-35251f875913', 'lib-custom-pages', NULL, NULL, '${tenantId}', 'Custom Page', 'custom-page', 'Y', 1, 'Y');
INSERT INTO   "custom_pages" ("id", "page_id", "json", "application_id", "tenant_id", "page_name", "menu_path", "active_flag", "page_version", "managed_flag") VALUES ('9246e47e-e610-4f43-8336-901ed8581146', 'lib-email-template', NULL, NULL, '${tenantId}', 'Email Template', 'email-template', 'Y', 1, 'Y');
INSERT INTO   "custom_pages" ("id", "page_id", "json", "application_id", "tenant_id", "page_name", "menu_path", "active_flag", "page_version", "managed_flag") VALUES ('f2a57315-307a-488c-a558-54de727ae87f', 'lib-user-update-organization', NULL, NULL, '${tenantId}', 'User Update Org', 'user-update-org', 'Y', 1, 'Y');
INSERT INTO   "custom_pages" ("id", "page_id", "json", "application_id", "tenant_id", "page_name", "menu_path", "active_flag", "page_version", "managed_flag") VALUES ('0691bcc5-9e61-430e-b29c-893bd3f1a944', 'lib-workflow-page', NULL, NULL, '${tenantId}', 'Workflow Page', 'workflow-page', 'Y', 1, 'Y');
INSERT INTO   "custom_pages" ("id", "page_id", "json", "application_id", "tenant_id", "page_name", "menu_path", "active_flag", "page_version", "managed_flag") VALUES ('49aea159-9285-4391-a810-6b278a53f187', 'lib-workflow-page-list', NULL, NULL, '${tenantId}', 'Workflow Page List', 'workflow-page-list', 'Y', 1, 'Y');
INSERT INTO   "custom_pages" ("id", "page_id", "json", "application_id", "tenant_id", "page_name", "menu_path", "active_flag", "page_version", "managed_flag") VALUES ('229adc54-4919-4c6b-ac7c-9aab422bee98', 'lib-metric-data-details', NULL, NULL, '${tenantId}', 'Metric Data', 'metric-data-details', 'Y', 1, 'N');
INSERT INTO   "custom_pages" ("id", "page_id", "json", "application_id", "tenant_id", "page_name", "menu_path", "active_flag", "page_version", "managed_flag") VALUES ('3ac906f2-cd52-4ede-83e6-4dc7e3e8d8ce', 'lib-shopping-cart-configuration', NULL, NULL, '${tenantId}', 'Cart Configuration', 'shopping-cart', 'Y', 1, 'N');
INSERT INTO   "custom_pages" ("id", "page_id", "json", "application_id", "tenant_id", "page_name", "menu_path", "active_flag", "page_version", "managed_flag") VALUES ('7b0481c9-4c10-444a-95f3-71a192689b0f', 'app-create-organization', NULL, NULL, '${tenantId}', 'Create Organization', 'create-org', 'Y', 1, NULL);
INSERT INTO   "custom_pages" ("id", "page_id", "json", "application_id", "tenant_id", "page_name", "menu_path", "active_flag", "page_version", "managed_flag") VALUES ('9353a265-f6b2-4c5b-a3fe-a79e75e83786', 'lib-report-configuration', NULL, NULL, '${tenantId}', 'Report Configuration', 'report-config', 'Y', 1, 'N');
INSERT INTO   "custom_pages" ("id", "page_id", "json", "application_id", "tenant_id", "page_name", "menu_path", "active_flag", "page_version", "managed_flag") VALUES ('40f4fa62-098b-4f28-8b97-e99c904ebaf4', 'lib-report-generate', NULL, NULL, '${tenantId}', 'Workflow Reports', 'get-report', 'Y', 1, 'N');
INSERT INTO   "custom_pages" ("id", "page_id", "json", "application_id", "tenant_id", "page_name", "menu_path", "active_flag", "page_version", "managed_flag") VALUES ('1ebc9ab4-2c5f-4702-a8e8-a718c3aa2fcc', 'app-taskboard-configuration', NULL, NULL, '${tenantId}', 'Taskboard', 'taskboard', 'Y', 1, 'N');
INSERT INTO   "custom_pages" ("id", "page_id", "json", "application_id", "tenant_id", "page_name", "menu_path", "active_flag", "page_version", "managed_flag") VALUES ('06c171d2-04b3-4760-9d10-c4dcc025d590', 'app-user-role-association', NULL, NULL, '${tenantId}', 'User Role Association', 'user-role-association', 'Y', 1, 'N');
INSERT INTO   "custom_pages" ("id", "page_id", "json", "application_id", "tenant_id", "page_name", "menu_path", "active_flag", "page_version", "managed_flag") VALUES ('eaeee36b-ab80-4791-990f-358265b2e344', 'my-apps', NULL, NULL, '${tenantId}', 'My Apps', 'my-apps', 'Y', 1, 'N');
INSERT INTO   "custom_pages" ("id", "page_id", "json", "application_id", "tenant_id", "page_name", "menu_path", "active_flag", "page_version", "managed_flag") VALUES ('5a42f502-2967-4ce5-9070-721479282d63', 'lib-payment-settings', NULL, NULL, '${tenantId}', 'Payment Settings', 'payment-settings', 'Y', 1, 'N');



-- changeset pradeep:1627329793243-4
INSERT INTO   "custom_page_permissions" ("id", "active_flag", "create_allowed", "created_by", "created_on", "delete_allowed", "modified_by", "modified_on", "read_allowed", "tenant_id", "update_allowed", "custom_page_id", "group_id") VALUES ('2bc3bdf8-d9aa-4927-b0f0-b43560c4f59e', 'Y', 'Y', '${customerUserId}', '2020-04-18 16:09:10.103', 'Y', '${customerUserId}', '2020-04-18 16:09:10.103', 'Y', '${tenantId}', 'Y', '0516ee11-c1bf-4488-a640-32410b008cfa', '040e0ad6-e4c2-475f-a8d2-9e4c2505ae5b');
INSERT INTO   "custom_page_permissions" ("id", "active_flag", "create_allowed", "created_by", "created_on", "delete_allowed", "modified_by", "modified_on", "read_allowed", "tenant_id", "update_allowed", "custom_page_id", "group_id") VALUES ('6b4de8a7-f1ba-4c68-87b8-c1f64468d6c9', 'Y', 'Y', '${customerUserId}', '2020-04-18 16:10:36.436', 'Y', '${customerUserId}', '2020-04-18 17:33:47.598', 'Y', '${tenantId}', 'Y', '21b8264a-a55b-4672-b8c1-68b03bbbfb75', '040e0ad6-e4c2-475f-a8d2-9e4c2505ae5b');
INSERT INTO   "custom_page_permissions" ("id", "active_flag", "create_allowed", "created_by", "created_on", "delete_allowed", "modified_by", "modified_on", "read_allowed", "tenant_id", "update_allowed", "custom_page_id", "group_id") VALUES ('a220529e-fd56-40b0-b145-d7ef17994c79', 'Y', 'Y', '${customerUserId}', '2020-04-18 16:11:14.417', 'Y', '${customerUserId}', '2020-04-18 17:34:55.616', 'Y', '${tenantId}', 'Y', 'b9de72ee-c965-4455-9311-ab8900e1ad7e', '040e0ad6-e4c2-475f-a8d2-9e4c2505ae5b');
INSERT INTO   "custom_page_permissions" ("id", "active_flag", "create_allowed", "created_by", "created_on", "delete_allowed", "modified_by", "modified_on", "read_allowed", "tenant_id", "update_allowed", "custom_page_id", "group_id") VALUES ('d88d091e-d83c-4a46-947a-6289dee1a912', 'Y', 'Y', '${customerUserId}', '2020-04-18 16:10:57.022', 'Y', '${customerUserId}', '2020-04-18 17:32:09.181', 'Y', '${tenantId}', 'Y', '7644318d-afff-4a4f-8cd8-db88a7872b51', '040e0ad6-e4c2-475f-a8d2-9e4c2505ae5b');
INSERT INTO   "custom_page_permissions" ("id", "active_flag", "create_allowed", "created_by", "created_on", "delete_allowed", "modified_by", "modified_on", "read_allowed", "tenant_id", "update_allowed", "custom_page_id", "group_id") VALUES ('d0b7fac8-d943-46ba-84cb-8888d1f962c8', 'Y', 'Y', '${customerUserId}', '2020-04-18 16:10:16.952', 'Y', '${customerUserId}', '2020-04-18 17:32:45.611', 'Y', '${tenantId}', 'Y', '1757435a-426a-4034-8252-ea91d5a7c6f1', '040e0ad6-e4c2-475f-a8d2-9e4c2505ae5b');
INSERT INTO   "custom_page_permissions" ("id", "active_flag", "create_allowed", "created_by", "created_on", "delete_allowed", "modified_by", "modified_on", "read_allowed", "tenant_id", "update_allowed", "custom_page_id", "group_id") VALUES ('2eea8b17-3a63-4b48-8843-cfdfac9f0a8b', 'Y', 'Y', '${customerUserId}', '2020-04-21 19:48:25.724', 'Y', '${customerUserId}', '2020-04-21 19:48:25.724', 'Y', '${tenantId}', 'Y', 'c1495a3c-1db7-4a62-9bf9-52fe7dc24183', '040e0ad6-e4c2-475f-a8d2-9e4c2505ae5b');
INSERT INTO   "custom_page_permissions" ("id", "active_flag", "create_allowed", "created_by", "created_on", "delete_allowed", "modified_by", "modified_on", "read_allowed", "tenant_id", "update_allowed", "custom_page_id", "group_id") VALUES ('26bbc580-b81b-4891-ac53-ab7e0afa24d6', 'Y', 'Y', '${customerUserId}', '2020-04-20 20:54:40.599', 'Y', '${customerUserId}', '2020-04-20 20:54:40.599', 'Y', '${tenantId}', 'Y', 'caaf1762-fe57-4911-92e0-27013e1e0abc', '040e0ad6-e4c2-475f-a8d2-9e4c2505ae5b');
INSERT INTO   "custom_page_permissions" ("id", "active_flag", "create_allowed", "created_by", "created_on", "delete_allowed", "modified_by", "modified_on", "read_allowed", "tenant_id", "update_allowed", "custom_page_id", "group_id") VALUES ('02e8a863-673e-49d5-821a-0310980b7c1d', 'Y', 'Y', '${customerUserId}', '2020-04-18 17:10:34.631', 'Y', '${customerUserId}', '2020-04-18 17:10:34.631', 'Y', '${tenantId}', 'Y', '1935bd8a-045f-45f8-80be-442a96ba72ac', '040e0ad6-e4c2-475f-a8d2-9e4c2505ae5b');
INSERT INTO   "custom_page_permissions" ("id", "active_flag", "create_allowed", "created_by", "created_on", "delete_allowed", "modified_by", "modified_on", "read_allowed", "tenant_id", "update_allowed", "custom_page_id", "group_id") VALUES ('5c41ec52-ee3f-4685-a375-93dffb3e3314', 'Y', 'Y', '${customerUserId}', '2020-05-11 20:02:16.895', 'Y', '${customerUserId}', '2020-05-11 20:02:16.895', 'Y', '${tenantId}', 'Y', 'f38e5da3-d869-49a8-921b-532b15428c97', '040e0ad6-e4c2-475f-a8d2-9e4c2505ae5b');
INSERT INTO   "custom_page_permissions" ("id", "active_flag", "create_allowed", "created_by", "created_on", "delete_allowed", "modified_by", "modified_on", "read_allowed", "tenant_id", "update_allowed", "custom_page_id", "group_id") VALUES ('27053a9c-014c-4f65-a853-e3766c220e33', 'Y', 'Y', '${customerUserId}', '2020-05-15 22:03:48.361', 'Y', '${customerUserId}', '2020-05-15 22:03:48.361', 'Y', '${tenantId}', 'Y', '5bd80c02-8990-4e14-b260-55d97c4c1f8d', '040e0ad6-e4c2-475f-a8d2-9e4c2505ae5b');
INSERT INTO   "custom_page_permissions" ("id", "active_flag", "create_allowed", "created_by", "created_on", "delete_allowed", "modified_by", "modified_on", "read_allowed", "tenant_id", "update_allowed", "custom_page_id", "group_id") VALUES ('6c86d5c0-6f47-4f89-b2de-0cf9acbde00c', 'Y', 'Y', '${customerUserId}', '2020-05-11 20:01:00.027', 'Y', '${customerUserId}', '2020-05-11 20:01:00.027', 'Y', '${tenantId}', 'Y', '746f37ec-bd35-49d0-8a17-3f24346d7ecc', '040e0ad6-e4c2-475f-a8d2-9e4c2505ae5b');
INSERT INTO   "custom_page_permissions" ("id", "active_flag", "create_allowed", "created_by", "created_on", "delete_allowed", "modified_by", "modified_on", "read_allowed", "tenant_id", "update_allowed", "custom_page_id", "group_id") VALUES ('d56fe40d-ccad-474c-906f-64dde7e4b5b5', 'Y', 'Y', '${customerUserId}', '2020-05-11 19:59:09.154', 'Y', '${customerUserId}', '2020-05-11 19:59:09.154', 'Y', '${tenantId}', 'Y', '6d6b8e46-ddd1-431d-bc55-f7821292df0e', '040e0ad6-e4c2-475f-a8d2-9e4c2505ae5b');
INSERT INTO   "custom_page_permissions" ("id", "active_flag", "create_allowed", "created_by", "created_on", "delete_allowed", "modified_by", "modified_on", "read_allowed", "tenant_id", "update_allowed", "custom_page_id", "group_id") VALUES ('ff31adb9-a646-4ee3-98f3-4ae86cbb6533', 'Y', 'Y', '${customerUserId}', '2020-04-21 22:13:23.152', 'Y', '${customerUserId}', '2020-04-21 22:13:23.152', 'Y', '${tenantId}', 'Y', '0656c32e-52ea-485a-a775-c34ffe27ecf7', '040e0ad6-e4c2-475f-a8d2-9e4c2505ae5b');
INSERT INTO   "custom_page_permissions" ("id", "active_flag", "create_allowed", "created_by", "created_on", "delete_allowed", "modified_by", "modified_on", "read_allowed", "tenant_id", "update_allowed", "custom_page_id", "group_id") VALUES ('285a7e52-8d25-4819-89f6-37ba11021dfb', 'Y', 'Y', '${customerUserId}', '2020-06-09 15:08:31.164', 'Y', '${customerUserId}', '2020-07-21 09:56:19.844', 'Y', '${tenantId}', 'Y', '6d94cc3d-9f2e-4784-9512-12cf30c808e0', '040e0ad6-e4c2-475f-a8d2-9e4c2505ae5b');
INSERT INTO   "custom_page_permissions" ("id", "active_flag", "create_allowed", "created_by", "created_on", "delete_allowed", "modified_by", "modified_on", "read_allowed", "tenant_id", "update_allowed", "custom_page_id", "group_id") VALUES ('d13e06e8-3e51-442a-bd91-b43a511bea0c', 'Y', 'Y', '${customerUserId}', '2020-06-15 20:28:28.075', 'Y', '${customerUserId}', '2020-06-15 20:28:28.075', 'Y', '${tenantId}', 'Y', '97f6aff1-6b24-4009-b71d-611ede5b33b1', '040e0ad6-e4c2-475f-a8d2-9e4c2505ae5b');
INSERT INTO   "custom_page_permissions" ("id", "active_flag", "create_allowed", "created_by", "created_on", "delete_allowed", "modified_by", "modified_on", "read_allowed", "tenant_id", "update_allowed", "custom_page_id", "group_id") VALUES ('41a24754-8159-4aa7-925d-fe4cfeb8ecda', 'Y', 'Y', '${customerUserId}', '2020-05-15 19:32:44.621', 'Y', '${customerUserId}', '2020-06-12 09:54:46.234', 'Y', '${tenantId}', 'Y', '52215e4d-b6c6-4942-a2c0-f7c7fd1a0cb9', '040e0ad6-e4c2-475f-a8d2-9e4c2505ae5b');
INSERT INTO   "custom_page_permissions" ("id", "active_flag", "create_allowed", "created_by", "created_on", "delete_allowed", "modified_by", "modified_on", "read_allowed", "tenant_id", "update_allowed", "custom_page_id", "group_id") VALUES ('93e9b56a-7b39-4ca5-b020-2630354e4f9d', 'Y', 'Y', '${customerUserId}', '2020-05-15 19:38:08.176', 'Y', '${customerUserId}', '2020-05-15 19:38:08.176', 'Y', '${tenantId}', 'Y', 'bdf0ed75-68e6-4697-99b8-c1fc164ad5c6', '040e0ad6-e4c2-475f-a8d2-9e4c2505ae5b');
INSERT INTO   "custom_page_permissions" ("id", "active_flag", "create_allowed", "created_by", "created_on", "delete_allowed", "modified_by", "modified_on", "read_allowed", "tenant_id", "update_allowed", "custom_page_id", "group_id") VALUES ('e439cda4-323a-4fe2-826a-d2949000c1c9', 'Y', 'Y', '${customerUserId}', '2020-05-15 19:34:59.345', 'Y', '${customerUserId}', '2020-05-15 19:34:59.345', 'Y', '${tenantId}', 'Y', 'de5dd631-dbf2-41f7-b137-ae08ca42e940', '040e0ad6-e4c2-475f-a8d2-9e4c2505ae5b');
INSERT INTO   "custom_page_permissions" ("id", "active_flag", "create_allowed", "created_by", "created_on", "delete_allowed", "modified_by", "modified_on", "read_allowed", "tenant_id", "update_allowed", "custom_page_id", "group_id") VALUES ('7ceec045-4d5a-4765-8223-c96f723b7722', 'Y', 'Y', '${customerUserId}', '2020-05-15 19:36:44.812', 'Y', '${customerUserId}', '2020-05-15 19:36:44.812', 'Y', '${tenantId}', 'Y', 'c4f5f2de-dd09-4d0c-98e6-f41a86f76fcd', '040e0ad6-e4c2-475f-a8d2-9e4c2505ae5b');
INSERT INTO   "custom_page_permissions" ("id", "active_flag", "create_allowed", "created_by", "created_on", "delete_allowed", "modified_by", "modified_on", "read_allowed", "tenant_id", "update_allowed", "custom_page_id", "group_id") VALUES ('c9d22478-967d-42ed-a299-83d9f4394aec', 'Y', 'Y', '${customerUserId}', '2020-04-21 13:35:58.69', 'Y', '${customerUserId}', '2020-04-21 13:35:58.69', 'Y', '${tenantId}', 'Y', 'bd160882-392c-4d44-a7e8-5edad9f8a949', '040e0ad6-e4c2-475f-a8d2-9e4c2505ae5b');
INSERT INTO   "custom_page_permissions" ("id", "active_flag", "create_allowed", "created_by", "created_on", "delete_allowed", "modified_by", "modified_on", "read_allowed", "tenant_id", "update_allowed", "custom_page_id", "group_id") VALUES ('e5941614-c601-4126-afbf-c400c2536a62', 'Y', 'Y', '${customerUserId}', '2020-06-15 20:38:03.533', 'Y', '${customerUserId}', '2020-06-15 20:38:03.533', 'Y', '${tenantId}', 'Y', 'cc27d23b-96b9-4f3c-a1a8-41bddddcae41', '040e0ad6-e4c2-475f-a8d2-9e4c2505ae5b');
INSERT INTO   "custom_page_permissions" ("id", "active_flag", "create_allowed", "created_by", "created_on", "delete_allowed", "modified_by", "modified_on", "read_allowed", "tenant_id", "update_allowed", "custom_page_id", "group_id") VALUES ('5f8ca302-d993-4b0d-8c83-24bb13247ca0', 'Y', 'Y', '${customerUserId}', '2020-05-15 19:26:03.539', 'Y', '${customerUserId}', '2020-07-21 14:22:06.134', 'Y', '${tenantId}', 'Y', 'be25720b-6dbf-4016-9635-b7a947866601', '040e0ad6-e4c2-475f-a8d2-9e4c2505ae5b');
INSERT INTO   "custom_page_permissions" ("id", "active_flag", "create_allowed", "created_by", "created_on", "delete_allowed", "modified_by", "modified_on", "read_allowed", "tenant_id", "update_allowed", "custom_page_id", "group_id") VALUES ('79d883d4-091c-41a1-a214-bd5e4dbda9dd', 'Y', 'Y', '${customerUserId}', '2020-06-09 16:35:46.126', 'Y', '${customerUserId}', '2020-09-04 08:27:40.47', 'Y', '${tenantId}', 'Y', 'dcc13747-a1fb-4bd5-9e0d-35251f875913', '040e0ad6-e4c2-475f-a8d2-9e4c2505ae5b');
INSERT INTO   "custom_page_permissions" ("id", "active_flag", "create_allowed", "created_by", "created_on", "delete_allowed", "modified_by", "modified_on", "read_allowed", "tenant_id", "update_allowed", "custom_page_id", "group_id") VALUES ('03acb282-8da4-41ef-96f9-32ad86b5e8bd', 'Y', 'Y', '${customerUserId}', '2020-10-13 17:54:27.319', 'Y', '${customerUserId}', '2020-10-13 17:54:27.319', 'Y', '${tenantId}', 'Y', '9246e47e-e610-4f43-8336-901ed8581146', '040e0ad6-e4c2-475f-a8d2-9e4c2505ae5b');
INSERT INTO   "custom_page_permissions" ("id", "active_flag", "create_allowed", "created_by", "created_on", "delete_allowed", "modified_by", "modified_on", "read_allowed", "tenant_id", "update_allowed", "custom_page_id", "group_id") VALUES ('8d2189e1-2fec-4d28-9c5f-a729b927388f', 'Y', 'Y', '${customerUserId}', '2020-10-21 21:32:07.456', 'Y', '${customerUserId}', '2020-10-21 21:32:07.456', 'Y', '${tenantId}', 'Y', 'f2a57315-307a-488c-a558-54de727ae87f', '040e0ad6-e4c2-475f-a8d2-9e4c2505ae5b');
INSERT INTO   "custom_page_permissions" ("id", "active_flag", "create_allowed", "created_by", "created_on", "delete_allowed", "modified_by", "modified_on", "read_allowed", "tenant_id", "update_allowed", "custom_page_id", "group_id") VALUES ('9bc06789-e217-4df1-b52c-9fe2414eb031', 'Y', 'Y', '${customerUserId}', '2020-10-28 14:41:58.997', 'Y', '${customerUserId}', '2020-10-28 14:41:58.997', 'Y', '${tenantId}', 'Y', '0691bcc5-9e61-430e-b29c-893bd3f1a944', '040e0ad6-e4c2-475f-a8d2-9e4c2505ae5b');
INSERT INTO   "custom_page_permissions" ("id", "active_flag", "create_allowed", "created_by", "created_on", "delete_allowed", "modified_by", "modified_on", "read_allowed", "tenant_id", "update_allowed", "custom_page_id", "group_id") VALUES ('c1304f0a-46ad-48ea-a178-74ad961cb8d1', 'Y', 'Y', '${customerUserId}', '2020-10-28 14:42:24.096', 'Y', '${customerUserId}', '2020-10-28 14:42:24.096', 'Y', '${tenantId}', 'Y', '49aea159-9285-4391-a810-6b278a53f187', '040e0ad6-e4c2-475f-a8d2-9e4c2505ae5b');
INSERT INTO   "custom_page_permissions" ("id", "active_flag", "create_allowed", "created_by", "created_on", "delete_allowed", "modified_by", "modified_on", "read_allowed", "tenant_id", "update_allowed", "custom_page_id", "group_id") VALUES ('264b52c2-b4ab-44a8-a0d1-d80e856f8095', 'Y', 'Y', '${customerUserId}', '2020-11-17 17:03:36.989', 'Y', '${customerUserId}', '2020-11-17 17:09:39.492', 'Y', '${tenantId}', 'Y', '229adc54-4919-4c6b-ac7c-9aab422bee98', '040e0ad6-e4c2-475f-a8d2-9e4c2505ae5b');
INSERT INTO   "custom_page_permissions" ("id", "active_flag", "create_allowed", "created_by", "created_on", "delete_allowed", "modified_by", "modified_on", "read_allowed", "tenant_id", "update_allowed", "custom_page_id", "group_id") VALUES ('b056ad6e-ac5e-4919-b6dc-653a9a9fe1c0', 'Y', 'Y', '${customerUserId}', '2021-02-10 18:29:23.497', 'Y', '${customerUserId}', '2021-02-10 18:29:23.497', 'Y', '${tenantId}', 'Y', '3ac906f2-cd52-4ede-83e6-4dc7e3e8d8ce', '040e0ad6-e4c2-475f-a8d2-9e4c2505ae5b');
INSERT INTO   "custom_page_permissions" ("id", "active_flag", "create_allowed", "created_by", "created_on", "delete_allowed", "modified_by", "modified_on", "read_allowed", "tenant_id", "update_allowed", "custom_page_id", "group_id") VALUES ('9cec8a44-f20a-4b26-8a9f-1bdd432b66c3', 'Y', 'Y', '${customerUserId}', '2020-08-27 23:10:43.981', 'Y', '${customerUserId}', '2020-08-27 23:10:43.981', 'Y', '${tenantId}', 'Y', '7b0481c9-4c10-444a-95f3-71a192689b0f', '040e0ad6-e4c2-475f-a8d2-9e4c2505ae5b');
INSERT INTO   "custom_page_permissions" ("id", "active_flag", "create_allowed", "created_by", "created_on", "delete_allowed", "modified_by", "modified_on", "read_allowed", "tenant_id", "update_allowed", "custom_page_id", "group_id") VALUES ('23d202f7-7061-42fc-8629-9d0f2dab59a4', 'Y', 'Y', '${customerUserId}', '2021-02-25 16:37:56.227', 'Y', '${customerUserId}', '2021-02-25 16:37:56.227', 'Y', '${tenantId}', 'Y', '9353a265-f6b2-4c5b-a3fe-a79e75e83786', '040e0ad6-e4c2-475f-a8d2-9e4c2505ae5b');
INSERT INTO   "custom_page_permissions" ("id", "active_flag", "create_allowed", "created_by", "created_on", "delete_allowed", "modified_by", "modified_on", "read_allowed", "tenant_id", "update_allowed", "custom_page_id", "group_id") VALUES ('20d7fccb-de54-48dc-b932-fc7d168b5e06', 'Y', 'Y', '${customerUserId}', '2021-02-25 16:36:59.894', 'Y', '${customerUserId}', '2021-02-25 16:36:59.894', 'Y', '${tenantId}', 'Y', '40f4fa62-098b-4f28-8b97-e99c904ebaf4', '040e0ad6-e4c2-475f-a8d2-9e4c2505ae5b');
INSERT INTO   "custom_page_permissions" ("id", "active_flag", "create_allowed", "created_by", "created_on", "delete_allowed", "modified_by", "modified_on", "read_allowed", "tenant_id", "update_allowed", "custom_page_id", "group_id") VALUES ('2bcefd64-a46e-4acd-b937-11456719f794', 'Y', 'Y', '${customerUserId}', '2021-04-26 15:01:32.799', 'Y', '${customerUserId}', '2021-04-26 15:01:32.799', 'Y', '${tenantId}', 'Y', '1ebc9ab4-2c5f-4702-a8e8-a718c3aa2fcc', '040e0ad6-e4c2-475f-a8d2-9e4c2505ae5b');
INSERT INTO   "custom_page_permissions" ("id", "active_flag", "create_allowed", "created_by", "created_on", "delete_allowed", "modified_by", "modified_on", "read_allowed", "tenant_id", "update_allowed", "custom_page_id", "group_id") VALUES ('a67dd2c1-058f-4b90-884e-a20239b4a309', 'Y', 'Y', '${customerUserId}', '2021-07-14 17:26:22.471', 'Y', '${customerUserId}', '2021-07-14 17:26:22.471', 'Y', '${tenantId}', 'Y', 'eaeee36b-ab80-4791-990f-358265b2e344', '040e0ad6-e4c2-475f-a8d2-9e4c2505ae5b');
INSERT INTO   "custom_page_permissions" ("id", "active_flag", "create_allowed", "created_by", "created_on", "delete_allowed", "modified_by", "modified_on", "read_allowed", "tenant_id", "update_allowed", "custom_page_id", "group_id") VALUES ('191acfe7-aaa8-40fa-ba86-e64a2c789a3f', 'Y', 'Y', '${customerUserId}', '2020-04-18 16:10:36.436', 'Y', '${customerUserId}', '2020-04-18 17:33:47.598', 'Y', '${tenantId}', 'Y', '21b8264a-a55b-4672-b8c1-68b03bbbfb75', '7eda9d01-6ea7-4c1e-9201-2eda3fc2b080');
INSERT INTO   "custom_page_permissions" ("id", "active_flag", "create_allowed", "created_by", "created_on", "delete_allowed", "modified_by", "modified_on", "read_allowed", "tenant_id", "update_allowed", "custom_page_id", "group_id") VALUES ('85e5d92a-4356-4eab-bd64-26b3ea3d8858', 'Y', 'Y', '${customerUserId}', '2020-06-09 15:08:31.164', 'Y', '${customerUserId}', '2020-07-21 09:56:19.844', 'Y', '${tenantId}', 'Y', '6d94cc3d-9f2e-4784-9512-12cf30c808e0', '7eda9d01-6ea7-4c1e-9201-2eda3fc2b080');
INSERT INTO   "custom_page_permissions" ("id", "active_flag", "create_allowed", "created_by", "created_on", "delete_allowed", "modified_by", "modified_on", "read_allowed", "tenant_id", "update_allowed", "custom_page_id", "group_id") VALUES ('5475ddbd-1f6c-4e95-8218-c95b841dd3dc', 'Y', 'Y', '${customerUserId}', '2020-05-15 19:26:03.539', 'Y', '${customerUserId}', '2020-07-21 14:22:06.134', 'Y', '${tenantId}', 'Y', 'be25720b-6dbf-4016-9635-b7a947866601', '7eda9d01-6ea7-4c1e-9201-2eda3fc2b080');
INSERT INTO   "custom_page_permissions" ("id", "active_flag", "create_allowed", "created_by", "created_on", "delete_allowed", "modified_by", "modified_on", "read_allowed", "tenant_id", "update_allowed", "custom_page_id", "group_id") VALUES ('2bd7de32-ed68-4ad2-a015-2a21a9cfe9a6', 'Y', 'Y', '${customerUserId}', '2020-05-15 19:26:03.539', 'Y', '${customerUserId}', '2020-07-21 14:22:06.134', 'Y', '${tenantId}', 'Y', '1ebc9ab4-2c5f-4702-a8e8-a718c3aa2fcc', '7eda9d01-6ea7-4c1e-9201-2eda3fc2b080');
INSERT INTO   "custom_page_permissions" ("id", "active_flag", "create_allowed", "created_by", "created_on", "delete_allowed", "modified_by", "modified_on", "read_allowed", "tenant_id", "update_allowed", "custom_page_id", "group_id") VALUES ('a2beb417-1ed4-4b80-b1b4-bf3afade5aad', 'Y', 'Y', '${customerUserId}', '2021-07-05 18:39:07.914', 'Y', '${customerUserId}', '2021-07-05 18:39:07.914', 'Y', '${tenantId}', 'Y', '06c171d2-04b3-4760-9d10-c4dcc025d590', '040e0ad6-e4c2-475f-a8d2-9e4c2505ae5b');
INSERT INTO   "custom_page_permissions" ("id", "active_flag", "create_allowed", "created_by", "created_on", "delete_allowed", "modified_by", "modified_on", "read_allowed", "tenant_id", "update_allowed", "custom_page_id", "group_id") VALUES ('f786b29a-6656-49f4-837e-d6d2dc82bd40', 'Y', 'Y', '${customerUserId}', '2021-07-08 16:54:55.987', 'Y', '${customerUserId}', '2021-07-08 16:54:55.987', 'Y', '${tenantId}', 'Y', '5a42f502-2967-4ce5-9070-721479282d63', '040e0ad6-e4c2-475f-a8d2-9e4c2505ae5b');



-- changeset pradeep:1627329793243-6
INSERT INTO   "email_template" ("id", "template_name", "template_id", "template_data", "created_by", "created_on", "modified_by", "modified_on", "active_flag", "tenant_id", "managed_flag", "template_subject") VALUES ('b643279d-687b-4e08-b5fb-878a8caf9494', 'Invite', 'invite', '<table class="x_MsoNormalTable" border="0" cellspacing="0" cellpadding="0" width="100%" style="width:100.0%; background:white; border-collapse:collapse"> <tbody><tr><td valign="top" style="padding:0in 0in 0in 0in"> <div align="center"> <table class="x_MsoNormalTable" border="0" cellspacing="0" cellpadding="0" width="100%" id="x_body" style="width:100.0%; background:white; border-collapse:collapse; border-radius:8px"> <tbody> <tr> <td width="546" valign="top" style="width:409.5pt; padding:24.0pt .75pt .75pt .75pt"> <div> <table class="x_MsoNormalTable" border="0" cellspacing="0" cellpadding="0" width="100%" style="width:100.0%; border-collapse:collapse"> <tbody> <tr style="height:15.0pt"> <td valign="top" style="padding:0in 0in 0in 0in; height:15.0pt"> <p class="x_MsoNormal" style="line-height:18.0pt"><span style="font-size:13.0pt; font-family:Arial,sans-serif"> </span></p> </td> <td width="540" valign="top" style="width:405.0pt; padding:0in 0in 0in 0in; height:15.0pt"> <p class="x_MsoNormal" style="line-height:18.0pt"><span style="font-size:13.0pt; font-family:Arial,sans-serif"> <img style="width:250px;height:70px" src="data:image/jpeg;base64,iVBORw0KGgoAAAANSUhEUgAAAPoAAABGCAYAAADl5IkzAAAAGXRFWHRTb2Z0d2FyZQBBZG9iZSBJbWFnZVJlYWR5ccllPAAAA2ZpVFh0WE1MOmNvbS5hZG9iZS54bXAAAAAAADw/eHBhY2tldCBiZWdpbj0i77u/IiBpZD0iVzVNME1wQ2VoaUh6cmVTek5UY3prYzlkIj8+IDx4OnhtcG1ldGEgeG1sbnM6eD0iYWRvYmU6bnM6bWV0YS8iIHg6eG1wdGs9IkFkb2JlIFhNUCBDb3JlIDUuMy1jMDExIDY2LjE0NTY2MSwgMjAxMi8wMi8wNi0xNDo1NjoyNyAgICAgICAgIj4gPHJkZjpSREYgeG1sbnM6cmRmPSJodHRwOi8vd3d3LnczLm9yZy8xOTk5LzAyLzIyLXJkZi1zeW50YXgtbnMjIj4gPHJkZjpEZXNjcmlwdGlvbiByZGY6YWJvdXQ9IiIgeG1sbnM6eG1wTU09Imh0dHA6Ly9ucy5hZG9iZS5jb20veGFwLzEuMC9tbS8iIHhtbG5zOnN0UmVmPSJodHRwOi8vbnMuYWRvYmUuY29tL3hhcC8xLjAvc1R5cGUvUmVzb3VyY2VSZWYjIiB4bWxuczp4bXA9Imh0dHA6Ly9ucy5hZG9iZS5jb20veGFwLzEuMC8iIHhtcE1NOk9yaWdpbmFsRG9jdW1lbnRJRD0ieG1wLmRpZDo0Rjc5QUI2NUY5QzdFQTExOURFM0QxRDlGQzYzNjc3RCIgeG1wTU06RG9jdW1lbnRJRD0ieG1wLmRpZDpENDMyNDhBN0M4MUUxMUVBQkNDMUUwMzU5NkZFRjMxQiIgeG1wTU06SW5zdGFuY2VJRD0ieG1wLmlpZDpENDMyNDhBNkM4MUUxMUVBQkNDMUUwMzU5NkZFRjMxQiIgeG1wOkNyZWF0b3JUb29sPSJBZG9iZSBQaG90b3Nob3AgQ1M2IChXaW5kb3dzKSI+IDx4bXBNTTpEZXJpdmVkRnJvbSBzdFJlZjppbnN0YW5jZUlEPSJ4bXAuaWlkOjA1RTM4MjY4MURDOEVBMTE5REUzRDFEOUZDNjM2NzdEIiBzdFJlZjpkb2N1bWVudElEPSJ4bXAuZGlkOjRGNzlBQjY1RjlDN0VBMTE5REUzRDFEOUZDNjM2NzdEIi8+IDwvcmRmOkRlc2NyaXB0aW9uPiA8L3JkZjpSREY+IDwveDp4bXBtZXRhPiA8P3hwYWNrZXQgZW5kPSJyIj8+hjEc2gAAFntJREFUeNrsXQd8FVXWP+kJIQkpQOhFeofQCYQiIqw0gZCELmL7pIn4sVJEARcFVJZPF5ZdykoNRb+VJkXURWpAioQSIPSeQgmB1L3nzn0vk5uZefNeZl4C3P/vd355mTdz39xy7in33HNdcnNzQUBA4NmGq2gCAQHB6AICAoLRBQQEnga4y/8ZHdvpuWuABZG7xSgQeL4Y3WT4EmpJqDahOoQqEfInFMA0i/uEHhK6RegsoTOEDhG6IbpJQKB4M/oLhAYR6sqY3NOBMk4RQrG7ltB/CIllAgGBYsDoboQGEnqHUFtCLoUsry4jLO8ioWWE/kbotug+AQF9cDW4rOFM5V5JqJ0BTM6jKqHpjOHnEiolulBAwHmMHkZoP6GlTF03Gz6EJjBbfpgJE4qAgFDdueenEZoMRbNUV5qp8jGE/kyoNSFcOqhIKIfQZUI7Cf2b0B3R3QKC0e1HeUJrCLUvBvV4iREP9BFEEUonNJ/QLJA8+wICgtERi0fsUX1o1NJwXB7bRqjKU1JPVPUnEepFqAep2yVSB9H7AoLRNZg8jDF5SHGqSObjbDi58zpciEuCezcegaubKwRX9oXqrUKgTvtQcHWnZnw9VOVJHVqQv6mi+wUEo8vwOC2T/h0d26kG+bO1uDH5nYsPYfv8eHiUmiG7mgM3ztyjdPbXW/DS2HpQohRdxsc6LCA0RHS/gGB0DoTJy5E/20FygOXDXcJoSErw9vOASo0Cwc3DPl/d/duP4WbCfcjJzNG8LycnFw6tvwQZ6Vng4uICSttucSLYOu8k9J7SCNy9cJmfBvF8RugPMQQEBKPnMTlyB66NV+O/S4y7Czu/Oa0ZrxZcpST0+pAwmac+Zj+6+SrEbbgI9m6VL126DIwbOx4+/3w2pN7Lr5knX02DE9uvQ9OeGHlLl+PQU/+hGAICzwP0itmpIC1bFcCl35NtBqUmXXoIf+y4ruuHHtx57BCTI27fvgV+Jf3g6JHjED0wpsD3p3+5Kf+3h+h+ASHRGUYtDW9O/kxR+z43R+LIaVOnw4eTJluvp6enQ/ypeBg0JAouXrwIx4iUrhMRCt4ltX/yzH9uWZm8XbtwWmZgYJDuCpUKKAWhoeVg6ZLlMGzYcBg7bjScOXuGfvcw6QmkpWSAb6DVVteEt6+HUzrB4gN5HuGsNn7e29ndBpOjxMe4cjdbBQVxzOjj4wNhzcLg05mzIWZwFLWhj/5wBVpHV1MtAxn83L47VobduP57CPAPcLhyHSM6wbYt26FDp/Zw5cplei2TvAdIjO7j7DGt8Jvo2Hh+R59AsZHoqP8211PQgq/nw/ETx6hDzN3dHdq0aQtRkdHQt8+r0DysOcQdjoP4n25A/a7lwC/EW7GMG6dT4cHdx/TzwIFRlMkzMjJg/oKviFaQqKtCbcnvDooZQjWK//tmAcybN8dqr5NXA98gL8utt3S20UyQIv/kGEBovZ1t/QOhFzkmR4eBWOZTRwVCYwh1QVkC9u1cXEhojmhCG4zOpPlkWwVYvOnnz5+nZMGivy+EnOxsiIkeDDNnfAov93gJsrNyIG7jZej0Ri3Fss7uyduQNog8h5gx82OYM+9z3RUaTJh8bewamDJtslWKWxBaKwA8vK3KyQGdRf6V0HucNH7fTkZvwTE5ME1JMLk6uoEUeenoxqUg0YR50HLGvQpSgghN1H+xPASEKmvBU6ZNoZIVVegXu3SVJoT9tyHpclqBezHgJfFwEv1cs2ZNaNmyFZXmS5Yt0V2ZkJDSMGHieBg2YkgBJkc/e7PeleRXNuosFmefpdy1VmgZ2NHOf+bNRUJfiuGnijIg5R8QuxOdoLq/pacAjD6L/EuY9f+MR1nw8z8S4NLvSXD9+jWqPk+c8AGV6rt+2knXuQ+uS4TuExrkK+fCwbuQ9SRbkuYxUizL9h0/QlLSXfoZJ5OI12pCmRf8wMU1b7MaOgO3//UUXD6WDHfv3qGkhGY9K0H5utZxc81OiTyP0Btce00k9LOOZzEarzd3bRmIzDlaeB2kzENyoKmllbjEX48vSUj0/EDR51ACOc8S7tB+eA2rivzFF3MhOSUZmjRuApEDBtJrV/9IhWvx+bXWhL2S2u7q6goxUdLS2KrVK63fd3mrNpSt6Z+PyamgJv93fbcuNO5RUXGd3rukB3QYURPC+lrD8tHOwyQW6XZU6wKhddy17qjQ6Hj2A66ds4TtaBMdFRg/lKnjahQvms1+Rh8Ihdh26uPvAQ27VaCfU1JTYO5cycb+aOrH4OEhLaccXHfR6lrBKLgbZ+/Rz+Ht2kPlylWoA23zlk2SsVXRlwbdqFbC3QVaDqgK0XNbQMTImjQoplnvytDlnTrkWnOo3aGs/Paji0fs+bcD1ZrDOYNcGBNrAWeXQdy1tWziEFBHde7/g6JJzGH0roUtGBkdpSnim4Vfw9WrV6B69eow8rXX6TUMmT1/UFKzz+65ZWWhwYMktX3DhvXw5MkT+vmF1qV1/SaG29YKLwvNX60CYX0qQ/UWIZaQVzkajFoa7utAlX4HKQRYjiim/ahhIqfuYy1ni2FnEx6iCcxndLSDCr2H09PHDZq8UlHyPD1+DJ/M/Jh+xgAYX19fq1S/dyudBskgSpQoAX369JXU9jUrrXKzhk5Gt2MQdXDw2dkKbTVG5V5UI17jruESm4ivF3A6lJxxzZDnjCi8XudyNL48LfkJrFy1AsaPmwB169SFsaPHwaezZ9FItdhJh63393ylF/j7+dNIur17f6PXQmv4Q8lgL6PrjRPZVgee+xmkZblWsmtvgpTQgl8qGwsFA2TyTRTe3lI8QalgP0Mrl5r0IL+mU4joM4wmM/r9lN7R2XgW62QvozcxqnBcYw8jtvKvSxMgOzsbpk6bDOtjN8K4ce/BosWLrB51CwbFSGvnq9eusu5Ce6FNaTPq3bgQz+KuN/nSnB9j9s/k44jQ29xzmLJ6nz2uDpCi6RTHFNif9hq1N96Tjct8FqdkAKfhyb/TQoCKZogRf09jNh931qdKwHXhDJsmpG/RWx58uK9SBxma3LFmeBnrOvumzT/Avn17qdSe9EH+pWWMT+/SWYopWbV6hfRybi7UznaCs8ce/D9ImW556S1f+nkbCq4B/0VH2TirYSQe5rJ/RChZhdB5gTnuR4L+rcYVFcrBfH8jWH1SFb5TA5o+sYRSFJ6zEIo3tMn+BVLyUC1UZuVZiO90fJdFHFUwmLlHsja11e6nWB+VsVHma9z7vm8STy/g2u5/9Nro5Qx1Ari6QPO8pS34cKrE4G+MepN61y2IHhgNbm5ucOjQQUhISJBGZoNAq0PPYBSmjrhBfo5CeUNlkngc930coR02ym3P7HeMRrQVqOTBzI9/EPqtEIM+mhBGJNXSeb8LG1i/gBQGbCugBZlhCDN3ptvQCgbIiDcd+4MUxyAnoyLfcHLdy9oyHGw7AuuwPsK+0nJal+Xe1wxGR5v2La7tfPQyeoDRb4NS2bI8hhIdJbuXlxd8NPUj6z0xTG23OuEIqjQxLYqxsBFX3xLi992+x9pzpMJsb0ua406fTTqkhBJasmcdOQXH3px/OEu/64gVRwg7e0wxU9Oxv74DKUTZkQnie1CPpYhTYPzyBr9/XQWN7rBeRi9peHMSOdCiX96YQlsdbfboqEHQoX0EjYdv2KAhZGZmQuy6WOt9KdcfweOHmfAkLYtSVkaOkW9VmHqinfalQqP3VZi5T7EBoQXMUe/PXUP79gjrODkdZeol71cZYTJToJSdqHD9ssI7IiUo3DtDoZ5FCcwc3I67ls2ktVKdbiu0yWQNRuf9KE0Nfv+G3P+5bMzocsaZch5bpYaBUK52AM3hdur0KeqFHzpkGGzfttN6z82bNyArM8+JgMkq5AkrqBlAJgyMgjPCV1jI5xeyTpZrB/9U0Ig+Y+q+llThs2RgZ73IbGA10yOOkxCRzBa0FxuYKXJHweEnRy8FTWgS5HdC8niTtZMFyOQYUbiWu+8c5N8liZtZ5PkCZisM4MsGjAE+byBOoBEK0ljOGxgh2Ud2rR+r133u3hRWr5oco282kdFxcr2nV6LfM2v6bNG/qvUzxrEXmAwqVYZ5c79QN45zcuHopqtGvc79Qj6PEvdrG2YPDsZVOtTnQO7afA0mR9xgjhc5GjlQh9MgRUGiDX2Bo2Qbgwo90PNslL8ECnreGyrcl85JTt7bv4cxmJyMGKd8m23VYHJEFvNRyIEmUz2d6rstib6NSWU5Vda4v4mN39OU3qYtiZSt4UcTRV45ngLdX+6ueM+A/gOhfPk83xLufkOa+tFkSExMBC9fQxSONDDmVNYFUHALqxwoKW0lllAyIZJ0/Da/nz7YgfffwlRVPQhUeMcsG89ksglDXsfitH2UNyP0HNyptGtKre3x2O9oDcbkebGtwvVwDWHRUI99rsbod81s2apNgymje3kpLxGjk65zpy4Frn/2ueTPCq1liIln1PFMyGzLoOCauWXQ/NOJg9aR8+eegICZ4CVsdWb+KOUhQNPFzw5GR2dgaGEYPdHMmvsESKsXW7dthf79BhT4Hu306zfy7+A8dy6B5p+jjF7bEEY3so6ovo5SaMuvwL4dckUBcTiluTjCNCY3Tn3frXCvWlh2uE5pnmMvo58ws+bp9yRNFoNihg4ZChEdOsoY+hx069EVrl1Tt8PL1TJk9e+kgVXCtDq/EurMXf+bGOfPPdBEjOeYsokKo0eolFGfmTu2fCZntMxuVxW7Itusmlu2o2KIa3CwFAC1c9cOGDw0Blq0bqbJ5Jg4Qi2bjZ3YZ3C1lCS3SBMloKS+N1O4x01Dcruq2O4NbfyOTYmO3l5cqw0zusaYQebiEWlialC/ASXEjFmfwIED++nnwAoloF6XcgUi4koEeEKZGoZtRNgtxp+Ak4CCcwSnuvPAa1o2KU4Cm2ww+mF7GR2xywxGx5xwlnRRlkg4TChpYXI8G63X5Ebg6eNuZsPHLx6x54Y4TVXAiYwuB4bQ+nBaYEfuntOQPww6XEHK17dHoqslnlhnRo3P7ctLFxXZP9Jqq1tQu31Zs5nctLoJCKjgOOTf8YZqOr9+zzvipnP/o0devkyFG8/kyVOymRZuN6PHgcE5uPCElGvxkn2OJ7BUrFiJ2um4JdX69q1Lm93ouHb+rRh7Ak4EMvkx7loTjgfby/7H6DwMmZaHEOPmFXk8Pr/NGsOs0xxhdMQSI2uL0txyfBMe7IA4ePAAXLggpU/DbLKB5UuY3ei/ELX9vBh7Ak6GlkMOmVYeWow7Ay3bkOVor2Gfx9l6AS1Gx7hp3qUPOdm5NJljyrVHkPlEv3PekuXV09MT+vZ9lX5eKVPba7Qp44wGF/naBIqDnd5Uwz63bP7Yw10P12D0w7ZeQMsgRocBJg+gIYuP7mXAke8vw7n9d+hhC5Kt7QIV6peCZn0qQ5nq6h7x2xce0IkB8VLXbvScNjycYf0GKbW6i/F54RRnVSLNfxRjTqAYMHoDxnsYQhyhwui8RG/LBHOOIxJdi9ExTpvuLcWTVbZ9eRIepebPooObTK6cSIGrJ1Oh7aDqNEccD9xaSlM7MwyMjKJ/cVNLcrIU0l2uTinqcTcZk8R4EygiWGxoX5kQxW3NJzmVHEOqLQFruPMNQ0QtTBXAGByvyzMkZSn4AHQzem1gW/hwH/iPX8VbmRwPUGzevAX4ePvAwUMHIC0tjdrev604Tw9mcHN3yafm30l8QB1xCEwh9acer9DP8sMZnCDN1y2I3L1r8YhnOotwtuCnIkOOjr45wjF1UyahgzhpLt9sher7AE599+JMbtw7n+4oo0daCju6+SphVGnvQ7269SB2zQaoUUPaKownsIx8fQRs3baFvh4ew6SFqKhomtIZD2fYslXaluvm7grVmgeb2Qk4S44pxoNEabtlqI7n+HzyySa/J7/ZqTQbdFobY/B73vlyuxi1PbaZfBuongwwFVXK0aO+84weoKK2g0x9lzM6Pv+Yu+eInoqqOeOsdsM55kTDfG5rV6+3MjkCbe0V/1qVb1upEtAB16tnb5jxySz6/3ffbaS53ulobRxIj3EyUcoNIdL8ZjFm9CtQcFsqZqmpqvEMqn3RjnR4IXBMwYfzKWNmtbGFGWm8bZRjFPisO3V0PMOvPfcg1FPjfnRETeCupYO+vRO8HY1LbB1tMLqSQ85u+1xLotNZ6/GDTOqEQzRq2IiecsoDD2O4kHDRrh5Z/u0yZ6ntswiT74DiDVTVMOPKO9wgPa8i7fH+UgqTtNnxAejITIX8S0G4F/9tBSlDZQMUDOu8w8oxA2i7yvPtYxYYDLnE5B+zVSZCTN4xXPY/2nZ4XNd9BVMI1fOSChMb2qB6cjgoed7luQowboXf6HGcjQGL5EeJ2ssRRleT6HQWzsnJMxc8PI1xlv198SLYv1/aU4KnuVRubFoegsWgnXm0OGG6Qidj3wQqUJBCv6GKt8bkd8TBPE7huo/KeyrFbr+vIHmNglKKplZM9VXL+osZXTYoXPdXqE+wApPfY1qNHuDELc8ahMwrT2v9k4pGym/Aqib7nMkmA4clOg66KiX8PWlGF3TIHTt2lO4Vx/zrcmRlZcG7Y96BBw+0T6nAxI8JCWdpvjgLqoaF0EMeTAAesPA2kea5Twmj32FqIw66mnY+u4P5VJzhjFvO7NhPwL7cgqjejgcpx7tZQOk8mlAbO7Wp4Wyy6mHn751n5lOiHb+F0lctRfR2les4ib+s8t0J0Jk8RK2zMDqnHaYlqBoWDGd+vUUPPBw6fAisXbMOAksFWpl8wsTxsGz5Urt7BZ1wDbqWN6PDMavLm4TJnzYv9AmmzuFOp37MDi+rcB8up+CyC+Z5WwJ5ecacBUz18wNT2SOYhFEKaUxj6jS+HyaIvGjye2F/dwPpeCzMg6c3Ags1lVeYSow7rVoyDcBDZUJGexwDQJaBjbBTFfVdidEzGc+pMboaDuv9YRfL0UeI0bGd5PYDtWnwfLQNU3+HjHQpPVhQUDD06P4n8Pb2gp9277KGsNLvKvrSI4w1f9DVBQLKeNPTVkOqGppZGm0oPMlxhpoklx+VY9m9Ru5VLdCOo3VCFQa7zaORLWevGY2n6ew1Zx5fJD+mqIjqxB+zlQu28xa4M1NCPqYf2ZLk/JFMahIdjwjGwPo+eMBh57dqw85vTtMtphjksmJlQQ2s0csVoNXAakWp+g4mTLu9iH6/OHv1C3S6QJEhHexPL4YSttBLp1p21liQktuXxsytvac0gv2rE+FafP4JyJ9I5xb9qkL1liFF1Xhoj7+Le8yNDogRDKKsITwLbfws1skhRieMc5mot7imuIVq7EQt7zGxAT0COfnaI8jJygW/EC8IquTLOxyQXJ3w7uht/F/yntsEKwoIaEOTIQkTWc4Ct67V+QZ50VNXqjQN4pkcI6dwWxpmvlgO5qUSxiACdFY1FUwuIKAPas44pQmhN6FhIEXzWBbwM5g9jwEf6O2Wn36C67247DMIpCWPwhyBhEsYKxmdNrIBtJxxAgLPCvSuhaJH+ztGCEtk1n1QP60DHQgLGSHTRzDtAI/oxcgvjDH25Z7BiQMdW2dBSl97hEnws6KrBATMZ/QCvgw770/mJgqrRgF5IZVpkD+3loCAQBEzulFAuyFFdIOAgBNtdAEBgWcTrqIJBAQEowsICAhGFxAQEIwuICBQLPBfAQYAwFqWkE1+9PMAAAAASUVORK5CYII="/> </span><span style="font-size:13.0pt; font-family:Arial,sans-serif"></span></p> </td> <td valign="top" style="padding:0in 0in 0in 0in; height:15.0pt"> <p class="x_MsoNormal" style="line-height:18.0pt"><span style="font-size:15.0pt; font-family:Arial,sans-serif"> </span></p> </td> </tr> </tbody> </table> <p class="x_MsoNormal" style="line-height:18.0pt"><span style="font-size:13.0pt; font-family:Arial,sans-serif; display:none"> </span></p> <table class="x_MsoNormalTable" border="0" cellspacing="0" cellpadding="0" width="100%" style="width:100.0%; border-collapse:collapse"> <tbody> <tr style="height:15.0pt"> <td valign="top" style="padding:0in 0in 0in 0in; height:15.0pt"> <p class="x_MsoNormal" style="line-height:18.0pt"><span style="font-size:13.0pt; font-family:Arial,sans-serif"> </span></p> </td> <td width="540" valign="top" style="width:405.0pt; padding:0in 0in 0in 0in; height:15.0pt"> <h1>Join your team on <span style="color:windowtext">Yoroflow</span></h1> <p><strong><span style="font-family:Arial,sans-serif"> {{FirstName}} {{LastName}} </span></strong> ( {{ContactEmailId}} ) has invited you to use Yoroflow with them, in an account space called <b> {{SubdomainName}}.{{DomainName}}.com </b></p> </td> <td valign="top" style="padding:0in 0in 0in 0in; height:15.0pt"> <p class="x_MsoNormal" style="line-height:18.0pt"><span style="font-size:15.0pt; font-family:Arial,sans-serif"> </span></p> </td> </tr> </tbody> </table> <p class="x_MsoNormal" style="line-height:18.0pt"><span style="font-size:13.0pt; font-family:Arial,sans-serif; display:none"> </span></p> <table class="x_MsoNormalTable" border="0" cellspacing="0" cellpadding="0" width="100%" style="width:100.0%; border-collapse:collapse"> <tbody> <tr style="height:15.0pt"> <td valign="top" style="padding:0in 0in 0in 0in; height:15.0pt"> <p class="x_MsoNormal" style="line-height:18.0pt"><span style="font-size:13.0pt; font-family:Arial,sans-serif"> </span></p> </td> <td width="540" valign="top" style="width:405.0pt; padding:0in 0in 0in 0in; height:15.0pt"> <div> <h4><span style="color:windowtext">Your account space</span>: <span style="color:windowtext"> {{SubdomainName}} </span></h4> <table class="x_MsoNormalTable" border="1" cellspacing="0" cellpadding="0" width="100%"> <tbody> <tr> <td style="border:solid #A0A0A2 1.0pt; padding:30.0pt 0in 30.0pt 0in"> <div align="center"> <table class="x_MsoNormalTable" border="0" cellspacing="0" cellpadding="0" width="100%" style="width:100.0%; border-collapse:collapse"> <tbody> <tr style="height:15.0pt"> <td valign="top" style="padding:0in 0in 0in 0in; height:15.0pt"> <p class="x_MsoNormal" style="line-height:18.0pt"><span style="font-size:15.0pt; font-family:Arial,sans-serif;text-align:center">                                     <img style="height:70px;width:150px" src=" {{profile}} "/> </span></p> </td> </tr> <tr style="height:15.0pt"> <td valign="top" style="padding:0in 0in 0in 0in; height:15.0pt"> <p class="x_MsoNormal" style="line-height:18.0pt"><span style="font-size:15.0pt; font-family:Arial,sans-serif"> </span></p> </td> </tr> </tbody> </table> </div> <div align="center"> <table class="x_MsoNormalTable" border="0" cellspacing="0" cellpadding="0" width="100%" style="width:100.0%; border-collapse:collapse"> <tbody> <tr style="height:15.0pt"> <td valign="top" style="padding:0in 0in 0in 0in; height:15.0pt"> <p class="x_MsoNormal" style="line-height:18.0pt"><span style="font-size:13.0pt; font-family:Arial,sans-serif"> </span></p> </td> <td width="420" valign="top" style="width:315.0pt; padding:0in 0in 0in 0in; height:15.0pt"> <h3 align="center" style="text-align:center"><b><span style="font-size:16.0pt; color:windowtext"> {{OrgName}} </span></b><b><span style="font-size:16.0pt"></span></b></h3> </td> <td valign="top" style="padding:0in 0in 0in 0in; height:15.0pt"> <p class="x_MsoNormal" style="line-height:18.0pt"><span style="font-size:15.0pt; font-family:Arial,sans-serif"> </span></p> </td> </tr> </tbody> </table> </div> <h4 align="center" style="text-align:center"><span style="font-size:13.0pt; color:windowtext"> {{SubdomainName}} </span><span style="font-size:13.0pt">.</span><span style="font-size:13.0pt; color:windowtext">{{DomainName}}</span><span style="font-size:13.0pt">.com</span></h4> <div align="center"> <table class="x_MsoNormalTable" border="0" cellspacing="0" cellpadding="0" width="100%" style="width:100.0%; border-collapse:collapse"> <tbody> <tr> <td width="100%" valign="top" style="width:100.0%; padding:.75pt .75pt .75pt .75pt"> <p class="x_MsoNormal" align="center" style="text-align:center; line-height:18.0pt"><span class="x_buttonlinkwrapper"><span style="font-size:13.0pt; font-family:&quot;Arial&quot;,sans-serif; color:white; background:#611F69"><a href="https://{{SubdomainName}}.{{DomainName}}.com/" target="_blank" rel="noopener noreferrer" data-auth="NotApplicable"><b><span style="font-size:12.0pt; color:white; border:solid #611F69 6.0pt; padding:0in">Join Now</span></b></a></span></span><span style="font-size:13.0pt; font-family:Arial,sans-serif"></span></p> </td> </tr> </tbody> </table> </div> <div style="border:none; border-top:solid #E1E1E4 1.0pt; padding:12.0pt 0in 0in 0in; margin-left:.25in; margin-top:12.0pt; margin-right:.25in"> <h4 align="center" style="margin-right:.25in; margin-bottom:9.0pt; margin-left:.25in; text-align:center"><b><span style="font-size:13.0pt; color:windowtext">User name: {{MessageBody}} </span></b></h4> <h4 align="center" style="margin-right:.25in; margin-bottom:9.0pt; margin-left:.25in; text-align:center"><b><span style="font-size:13.0pt">Password: {{password}} </span></b><span style="font-size:13.0pt"></span></h4> </div> </td> </tr> </tbody> </table> </div> </td> <td valign="top" style="padding:0in 0in 0in 0in; height:15.0pt"> <p class="x_MsoNormal" style="line-height:18.0pt"><span style="font-size:15.0pt; font-family:Arial,sans-serif"> </span></p> </td> </tr> <tr style="height:15.0pt"> <td colspan="3" valign="top" style="padding:0in 0in 0in 0in; height:15.0pt"> <p class="x_MsoNormal" style="line-height:18.0pt"><span style="font-size:15.0pt; font-family:Arial,sans-serif"> </span></p> </td> </tr> </tbody> </table> <p class="x_MsoNormal" style="line-height:18.0pt"><span style="font-size:13.0pt; font-family:Arial,sans-serif; display:none"> </span></p> <table class="x_MsoNormalTable" border="0" cellspacing="0" cellpadding="0" width="100%" style="width:100.0%; border-collapse:collapse"> <tbody> <tr style="height:15.0pt"> <td colspan="3" valign="top" style="padding:0in 0in 0in 0in; height:15.0pt"> <p class="x_MsoNormal" style="line-height:18.0pt"><span style="font-size:15.0pt; font-family:Arial,sans-serif"> </span></p> </td> </tr> <tr style="height:15.0pt"> <td valign="top" style="padding:0in 0in 0in 0in; height:15.0pt"> <p class="x_MsoNormal" style="line-height:18.0pt"><span style="font-size:13.0pt; font-family:Arial,sans-serif"> </span></p> </td> <td width="540" valign="top" style="width:405.0pt; padding:0in 0in 0in 0in; height:15.0pt"> <h2 align="center" style="margin-bottom:0in; text-align:center; background:white; vertical-align:baseline"><span style="font-size:26.5pt; font-family:Helvetica">What is Yoroflow?</span><span style="font-size:26.5pt; font-family:Helvetica"></span></h2> <p align="center" style="margin-bottom:0in; text-align:center; line-height:21.6pt; background:white; vertical-align:baseline; box-sizing:border-box; outline:0px; font-variant-ligatures:normal; font-variant-caps:normal; orphans:2; widows:2; text-decoration-style:initial; text-decoration-color:initial; word-spacing:0px"><span class="x_normaltextrun"><span lang="EN-GB" style="font-size:13.5pt; font-family:Helvetica; color:#959BAF; border:none windowtext 1.0pt; padding:0in">Yoroflow is a powerful web-based, intuitive, no-code workflow management platform that helps organizations manage, automate, and optimize business processes. </span></span><span style="font-size:13.5pt; font-family:Helvetica; color:#959BAF"></span></p> </td> <td valign="top" style="padding:0in 0in 0in 0in; height:15.0pt"> <p class="x_MsoNormal" style="line-height:18.0pt"><span style="font-size:15.0pt; font-family:Arial,sans-serif"> </span></p> </td> </tr> <tr style="height:15.0pt"> <td colspan="3" valign="top" style="padding:0in 0in 0in 0in; height:15.0pt"> <p class="x_MsoNormal" style="line-height:18.0pt"><span style="font-size:15.0pt; font-family:Arial,sans-serif"> </span></p> </td> </tr> </tbody> </table> </div> </td> </tr> </tbody> </table> </div></td> </tr> <tr> <td width="100%" valign="top" style="width:100.0%; padding:0in 0in 0in 0in"> <div align="center"> <table class="x_MsoNormalTable" border="0" cellspacing="0" cellpadding="0" width="100%" style="width:100.0%; background:white; border-collapse:collapse"> <tbody> <tr> <td valign="top" style="padding:15.0pt .75pt .75pt .75pt"> <p class="x_MsoNormal" align="center" style="margin-top:15.0pt; text-align:center; line-height:18.0pt"><span style="font-size:11.5pt; font-family:Arial,sans-serif; color:#434245"> </span></p> </td> <td valign="top" style="padding:15.0pt .75pt .75pt .75pt"> <p class="x_MsoNormal" align="center" style="margin-top:15.0pt; text-align:center; line-height:18.0pt"><span style="font-size:11.5pt; font-family:Arial,sans-serif; color:#434245">Made by Yorosis Technologies Inc <br>161 Fort Evans Rd NE, Suite #325 | Leesburg | VA 20176 | United States </span></p> </td> <td valign="top" style="padding:15.0pt .75pt .75pt .75pt"> <p class="x_MsoNormal" align="center" style="margin-top:15.0pt; text-align:center; line-height:18.0pt"><span style="font-size:11.5pt; font-family:Arial,sans-serif; color:#434245"> </span></p> </td> </tr> <tr> <td valign="top" style="padding:15.0pt .75pt .75pt .75pt"> <p class="x_MsoNormal" align="center" style="margin-top:15.0pt; text-align:center; line-height:18.0pt"><span style="font-size:11.5pt; font-family:Arial,sans-serif; color:#434245"> </span></p> </td> <td valign="top" style="padding:12.0pt 6.0pt .25in 6.0pt"> <p class="x_MsoNormal" align="center" style="margin-top:15.0pt; text-align:center; line-height:18.0pt"><span style="font-size:11.5pt; font-family:Arial,sans-serif; color:#434245"><a href="https://www.customer_0000039.com/what-is-a-workflow/" target="_blank" rel="noopener noreferrer" data-auth="NotApplicable"><span style="color:#434245">Our Blog</span></a>        <a href="https://www.yorosis.com/privacy-policy/" target="_blank" rel="noopener noreferrer" data-auth="NotApplicable"><span style="color:#434245">Policies</span></a></span></p> </td> <td style="padding:.75pt .75pt .75pt .75pt"></td> </tr> </tbody> </table> </div></td> </tr> </tbody> </table>', '${customerUserId}', '2020-10-13 16:52:36.017', '${customerUserId}', '2020-10-14 16:07:29.703', 'Y', '${tenantId}', 'Y', '');
INSERT INTO   "email_template" ("id", "template_name", "template_id", "template_data", "created_by", "created_on", "modified_by", "modified_on", "active_flag", "tenant_id", "managed_flag", "template_subject") VALUES ('ddd2bbae-c4e0-4b5d-9f2f-884c598c2d57', 'Change Password', 'changePassword', '<table class="x_MsoNormalTable" border="0" cellspacing="0" cellpadding="0" width="100%" style="width:100.0%; background:white; border-collapse:collapse"> <tbody> <tr> <td valign="top" style="padding:0in 0in 0in 0in"> <div align="center"> <table class="x_MsoNormalTable" border="0" cellspacing="0" cellpadding="0" width="100%" id="x_body" style="width:100.0%; background:white; border-collapse:collapse; border-radius:8px"> <tbody> <tr> <td width="546" valign="top" style="width:409.5pt; padding:24.0pt .75pt .75pt .75pt"> <div> <table class="x_MsoNormalTable" border="0" cellspacing="0" cellpadding="0" width="100%" style="width:100.0%; border-collapse:collapse"> <tbody> <tr style="height:15.0pt"> <td valign="top" style="padding:0in 0in 0in 0in; height:15.0pt"> <p class="x_MsoNormal" style="line-height:18.0pt"><span style="font-size:13.0pt; font-family:"Arial",sans-serif"> </span></p> </td> <td width="540" valign="top" style="width:405.0pt; padding:0in 0in 0in 0in; height:15.0pt"> <p class="x_MsoNormal" style="line-height:18.0pt"><span style="font-size:13.0pt; font-family:"Arial",sans-serif"> <img style="width:250px;height:200px" src=" {{profile}} "\\> </span><span style="font-size:13.0pt; font-family:"Arial",sans-serif"></span></p> </td> <td valign="top" style="padding:0in 0in 0in 0in; height:15.0pt"> <p class="x_MsoNormal" style="line-height:18.0pt"><span style="font-size:15.0pt; font-family:"Arial",sans-serif"> </span></p> </td> </tr> </tbody> </table> <table class="x_MsoNormalTable" border="0" cellspacing="0" cellpadding="0" width="100%" style="width:100.0%; border-collapse:collapse"> <tbody> <tr style="height:15.0pt"> <td valign="top" style="padding:0in 0in 0in 0in; height:15.0pt"> <p class="x_MsoNormal" style="line-height:18.0pt"><span style="font-size:13.0pt; font-family:"Arial",sans-serif"> </span></p> </td> <td style="border:solid #A0A0A2 1.0pt; padding:30.0pt 0in 30.0pt 0in"> <p><strong><span style="padding-left:50px">Your temporary password : {{password}} </p> </td> <td valign="top" style="padding:0in 0in 0in 0in; height:15.0pt"> <p class="x_MsoNormal" style="line-height:18.0pt"><span style="font-size:15.0pt; font-family:"Arial",sans-serif"> </span></p> </td> </tr> <tr style="height:15.0pt"> <td colspan="3" valign="top" style="padding:0in 0in 0in 0in; height:15.0pt"> <p class="x_MsoNormal" style="line-height:18.0pt"><span style="font-size:15.0pt; font-family:"Arial",sans-serif"> </span></p> </td> </tr> </tbody> </table>  <p class="x_MsoNormal" style="line-height:18.0pt"><span style="font-size:13.0pt; font-family:"Arial",sans-serif; display:none"> </span></p> <table class="x_MsoNormalTable" border="0" cellspacing="0" cellpadding="0" width="100%" style="width:100.0%; border-collapse:collapse"> <tbody> <tr style="height:15.0pt"> <td colspan="3" valign="top" style="padding:0in 0in 0in 0in; height:15.0pt"> <p class="x_MsoNormal" style="line-height:18.0pt"><span style="font-size:15.0pt; font-family:"Arial",sans-serif"> </span></p> </td> </tr> <tr style="height:15.0pt"> <td valign="top" style="padding:0in 0in 0in 0in; height:15.0pt"> <p class="x_MsoNormal" style="line-height:18.0pt"><span style="font-size:13.0pt; font-family:"Arial",sans-serif"> </span></p> </td> <td width="540" valign="top" style="width:405.0pt; padding:0in 0in 0in 0in; height:15.0pt"> <h2 align="center" style="margin-bottom:0in; text-align:center; background:white; vertical-align:baseline"><span style="font-size:26.5pt; font-family:Helvetica">What is Yoroflow?</span><span style="font-size:26.5pt; font-family:Helvetica"></span></h2> <p align="center" style="margin-bottom:0in; text-align:center; line-height:21.6pt; background:white; vertical-align:baseline; box-sizing:border-box; outline:0px; font-variant-ligatures:normal; font-variant-caps:normal; orphans:2; widows:2; text-decoration-style:initial; text-decoration-color:initial; word-spacing:0px"><span class="x_normaltextrun"><span lang="EN-GB" style="font-size:13.5pt; font-family:Helvetica; color:#959BAF; border:none windowtext 1.0pt; padding:0in">Yoroflow is a powerful web-based, intuitive, no-code workflow management platform that helps organizations manage, automate, and optimize business processes. </span></span><span style="font-size:13.5pt; font-family:Helvetica; color:#959BAF"></span></p> </td> <td valign="top" style="padding:0in 0in 0in 0in; height:15.0pt"> <p class="x_MsoNormal" style="line-height:18.0pt"><span style="font-size:15.0pt; font-family:"Arial",sans-serif"> </span></p> </td> </tr> <tr style="height:15.0pt"> <td colspan="3" valign="top" style="padding:0in 0in 0in 0in; height:15.0pt"> <p class="x_MsoNormal" style="line-height:18.0pt"><span style="font-size:15.0pt; font-family:"Arial",sans-serif"> </span></p> </td> </tr> </tbody> </table> </div> </td> </tr> </tbody> </table> </div> </td> </tr> <tr> <td width="100%" valign="top" style="width:100.0%; padding:0in 0in 0in 0in"> <div align="center"> <table class="x_MsoNormalTable" border="0" cellspacing="0" cellpadding="0" width="100%" style="width:100.0%; background:white; border-collapse:collapse"> <tbody> <tr> <td valign="top" style="padding:15.0pt .75pt .75pt .75pt"> <p class="x_MsoNormal" align="center" style="margin-top:15.0pt; text-align:center; line-height:18.0pt"><span style="font-size:11.5pt; font-family:"Arial",sans-serif; color:#434245"> </span></p> </td> <td valign="top" style="padding:15.0pt .75pt .75pt .75pt"> <p class="x_MsoNormal" align="center" style="margin-top:15.0pt; text-align:center; line-height:18.0pt"><span style="font-size:11.5pt; font-family:"Arial",sans-serif; color:#434245">Made by Yorosis Technologies Inc <br>161 Fort Evans Rd NE, Suite #325 | Leesburg | VA 20176 | United States </span></p> </td> <td valign="top" style="padding:15.0pt .75pt .75pt .75pt"> <p class="x_MsoNormal" align="center" style="margin-top:15.0pt; text-align:center; line-height:18.0pt"><span style="font-size:11.5pt; font-family:"Arial",sans-serif; color:#434245"> </span></p> </td> </tr> <tr> <td valign="top" style="padding:15.0pt .75pt .75pt .75pt"> <p class="x_MsoNormal" align="center" style="margin-top:15.0pt; text-align:center; line-height:18.0pt"><span style="font-size:11.5pt; font-family:"Arial",sans-serif; color:#434245"> </span></p> </td> <td valign="top" style="padding:12.0pt 6.0pt .25in 6.0pt"> <p class="x_MsoNormal" align="center" style="margin-top:15.0pt; text-align:center; line-height:18.0pt"><span style="font-size:11.5pt; font-family:"Arial",sans-serif; color:#434245"><a href="https://www.customer_0000147.com/what-is-a-workflow/" target="_blank" rel="noopener noreferrer" data-auth="NotApplicable"><span style="color:#434245">Our Blog</span></a>        <a href="https://www.yorosis.com/privacy-policy/" target="_blank" rel="noopener noreferrer" data-auth="NotApplicable"><span style="color:#434245">Policies</span></a></span></p> </td> <td style="padding:.75pt .75pt .75pt .75pt"></td> </tr> </tbody> </table> </div> </td> </tr> </tbody> </table>', '${customerUserId}', '2020-10-14 14:16:28.132', '${customerUserId}', '2020-10-14 16:07:29.703', 'Y', '${tenantId}', 'Y', '');
INSERT INTO   "email_template" ("id", "template_name", "template_id", "template_data", "created_by", "created_on", "modified_by", "modified_on", "active_flag", "tenant_id", "managed_flag", "template_subject") VALUES ('fa4f3697-fba8-4643-8c85-e60922fc74bc', 'Deactivate', 'deactivate', '<table class="x_MsoNormalTable" border="0" cellspacing="0" cellpadding="0" width="100%" style="width:100.0%; background:white; border-collapse:collapse"> <tbody> <tr> <td valign="top" style="padding:0in 0in 0in 0in"> <div align="center"> <table class="x_MsoNormalTable" border="0" cellspacing="0" cellpadding="0" width="100%" id="x_body" style="width:100.0%; background:white; border-collapse:collapse; border-radius:8px"> <tbody> <tr> <td width="546" valign="top" style="width:409.5pt; padding:24.0pt .75pt .75pt .75pt"> <div> <table class="x_MsoNormalTable" border="0" cellspacing="0" cellpadding="0" width="100%" style="width:100.0%; border-collapse:collapse"> <tbody> <tr style="height:15.0pt"> <td valign="top" style="padding:0in 0in 0in 0in; height:15.0pt"> <p class="x_MsoNormal" style="line-height:18.0pt"><span style="font-size:13.0pt; font-family:"Arial",sans-serif"> </span></p> </td> <td width="540" valign="top" style="width:405.0pt; padding:0in 0in 0in 0in; height:15.0pt"> <p id="img" class="x_MsoNormal" style="line-height:18.0pt"><span style="font-size:13.0pt; font-family:"Arial",sans-serif"> <img style="width:250px;height:200px" src=" {{profile}} "\\> </span><span style="font-size:13.0pt; font-family:"Arial",sans-serif"></span></p> </td> <td valign="top" style="padding:0in 0in 0in 0in; height:15.0pt"> <p class="x_MsoNormal" style="line-height:18.0pt"><span style="font-size:15.0pt; font-family:"Arial",sans-serif"> </span></p> </td> </tr> </tbody> </table> <table class="x_MsoNormalTable" border="0" cellspacing="0" cellpadding="0" width="100%" style="width:100.0%; border-collapse:collapse"> <tbody> <tr style="height:15.0pt"> <td valign="top" style="padding:0in 0in 0in 0in; height:15.0pt"> <p class="x_MsoNormal" style="line-height:18.0pt"><span style="font-size:13.0pt; font-family:"Arial",sans-serif"> </span></p> </td> <td style="border:solid #A0A0A2 1.0pt; padding:30.0pt 0in 30.0pt 0in"> <p><strong><span style="font-family:"Arial",sans-serif;padding-left:30px"> {{FirstName}} {{LastName}} </span></strong> ( {{ContactEmailId}} ) {{content}} </p> </td> <td valign="top" style="padding:0in 0in 0in 0in; height:15.0pt"> <p class="x_MsoNormal" style="line-height:18.0pt"><span style="font-size:15.0pt; font-family:"Arial",sans-serif"> </span></p> </td> </tr> <tr style="height:15.0pt"> <td colspan="3" valign="top" style="padding:0in 0in 0in 0in; height:15.0pt"> <p class="x_MsoNormal" style="line-height:18.0pt"><span style="font-size:15.0pt; font-family:"Arial",sans-serif"> </span></p> </td> </tr> </tbody> </table>  <p class="x_MsoNormal" style="line-height:18.0pt"><span style="font-size:13.0pt; font-family:"Arial",sans-serif; display:none"> </span></p> <table class="x_MsoNormalTable" border="0" cellspacing="0" cellpadding="0" width="100%" style="width:100.0%; border-collapse:collapse"> <tbody> <tr style="height:15.0pt"> <td colspan="3" valign="top" style="padding:0in 0in 0in 0in; height:15.0pt"> <p class="x_MsoNormal" style="line-height:18.0pt"><span style="font-size:15.0pt; font-family:"Arial",sans-serif"> </span></p> </td> </tr> <tr style="height:15.0pt"> <td valign="top" style="padding:0in 0in 0in 0in; height:15.0pt"> <p class="x_MsoNormal" style="line-height:18.0pt"><span style="font-size:13.0pt; font-family:"Arial",sans-serif"> </span></p> </td> <td width="540" valign="top" style="width:405.0pt; padding:0in 0in 0in 0in; height:15.0pt"> <h2 align="center" style="margin-bottom:0in; text-align:center; background:white; vertical-align:baseline"><span style="font-size:26.5pt; font-family:Helvetica">What is Yoroflow?</span><span style="font-size:26.5pt; font-family:Helvetica"></span></h2> <p align="center" style="margin-bottom:0in; text-align:center; line-height:21.6pt; background:white; vertical-align:baseline; box-sizing:border-box; outline:0px; font-variant-ligatures:normal; font-variant-caps:normal; orphans:2; widows:2; text-decoration-style:initial; text-decoration-color:initial; word-spacing:0px"><span class="x_normaltextrun"><span lang="EN-GB" style="font-size:13.5pt; font-family:Helvetica; color:#959BAF; border:none windowtext 1.0pt; padding:0in">Yoroflow is a powerful web-based, intuitive, no-code workflow management platform that helps organizations manage, automate, and optimize business processes. </span></span><span style="font-size:13.5pt; font-family:Helvetica; color:#959BAF"></span></p> </td> <td valign="top" style="padding:0in 0in 0in 0in; height:15.0pt"> <p class="x_MsoNormal" style="line-height:18.0pt"><span style="font-size:15.0pt; font-family:"Arial",sans-serif"> </span></p> </td> </tr> <tr style="height:15.0pt"> <td colspan="3" valign="top" style="padding:0in 0in 0in 0in; height:15.0pt"> <p class="x_MsoNormal" style="line-height:18.0pt"><span style="font-size:15.0pt; font-family:"Arial",sans-serif"> </span></p> </td> </tr> </tbody> </table> </div> </td> </tr> </tbody> </table> </div> </td> </tr> <tr> <td width="100%" valign="top" style="width:100.0%; padding:0in 0in 0in 0in"> <div align="center"> <table class="x_MsoNormalTable" border="0" cellspacing="0" cellpadding="0" width="100%" style="width:100.0%; background:white; border-collapse:collapse"> <tbody> <tr> <td valign="top" style="padding:15.0pt .75pt .75pt .75pt"> <p class="x_MsoNormal" align="center" style="margin-top:15.0pt; text-align:center; line-height:18.0pt"><span style="font-size:11.5pt; font-family:"Arial",sans-serif; color:#434245"> </span></p> </td> <td valign="top" style="padding:15.0pt .75pt .75pt .75pt"> <p class="x_MsoNormal" align="center" style="margin-top:15.0pt; text-align:center; line-height:18.0pt"><span style="font-size:11.5pt; font-family:"Arial",sans-serif; color:#434245">Made by Yorosis Technologies Inc <br>161 Fort Evans Rd NE, Suite #325 | Leesburg | VA 20176 | United States </span></p> </td> <td valign="top" style="padding:15.0pt .75pt .75pt .75pt"> <p class="x_MsoNormal" align="center" style="margin-top:15.0pt; text-align:center; line-height:18.0pt"><span style="font-size:11.5pt; font-family:"Arial",sans-serif; color:#434245"> </span></p> </td> </tr> <tr> <td valign="top" style="padding:15.0pt .75pt .75pt .75pt"> <p class="x_MsoNormal" align="center" style="margin-top:15.0pt; text-align:center; line-height:18.0pt"><span style="font-size:11.5pt; font-family:"Arial",sans-serif; color:#434245"> </span></p> </td> <td valign="top" style="padding:12.0pt 6.0pt .25in 6.0pt"> <p class="x_MsoNormal" align="center" style="margin-top:15.0pt; text-align:center; line-height:18.0pt"><span style="font-size:11.5pt; font-family:"Arial",sans-serif; color:#434245"><a href="https://www.customer_0000147.com/what-is-a-workflow/" target="_blank" rel="noopener noreferrer" data-auth="NotApplicable"><span style="color:#434245">Our Blog</span></a>        <a href="https://www.yorosis.com/privacy-policy/" target="_blank" rel="noopener noreferrer" data-auth="NotApplicable"><span style="color:#434245">Policies</span></a></span></p> </td> <td style="padding:.75pt .75pt .75pt .75pt"></td> </tr> </tbody> </table> </div> </td> </tr> </tbody> </table>', '${customerUserId}', '2020-10-14 14:16:28.132', '${customerUserId}', '2020-10-14 14:16:28.132', 'Y', '${tenantId}', 'Y', '');
INSERT INTO   "email_template" ("id", "template_name", "template_id", "template_data", "created_by", "created_on", "modified_by", "modified_on", "active_flag", "tenant_id", "managed_flag", "template_subject") VALUES ('fe73b4d7-41a8-4ef8-922a-4c6c40b91683', 'Email Authenticator', 'emailAuthenticator', '<p>Dear User,</p><p>Please use the following One-time Passcode (OTP) to log in: <strong>{{secretCode}}</strong> </p><p><br></p><p>Do not share this Passcode with anyone.</p><p><br></p><p>Thank you,</p><p>Yoroflow</p>', '${customerUserId}', '2021-07-22 16:55:47.894', '${customerUserId}', '2021-07-22 17:02:08.96', 'Y', '${tenantId}', 'N', 'Your One-time Passcode is generated successfully,');

-- changeset pradeep:1627329793243-9
INSERT INTO   "yoro_roles" ("role_id", "active_flag", "created_by", "created_on", "modified_by", "modified_on", "role_desc", "role_name", "tenant_id", "managed_flag", "role_color") VALUES ('b8640dca-4b51-4951-be35-8072f3f7037e', 'Y', '${customerUserId}', '2020-04-18 00:48:49', '${customerUserId}', '2020-04-18 00:48:49', '', 'Account Administrator', '${tenantId}', 'N', '#ffadadff');
INSERT INTO   "yoro_roles" ("role_id", "active_flag", "created_by", "created_on", "modified_by", "modified_on", "role_desc", "role_name", "tenant_id", "managed_flag", "role_color") VALUES ('2421d7f0-d453-4431-952f-90421ddb5a00', 'Y', '${customerUserId}', '2020-04-18 00:48:49', '${customerUserId}', '2020-04-18 00:48:49', '', 'User Administrator', '${tenantId}', 'N', '#ffd6a5ff');
INSERT INTO   "yoro_roles" ("role_id", "active_flag", "created_by", "created_on", "modified_by", "modified_on", "role_desc", "role_name", "tenant_id", "managed_flag", "role_color") VALUES ('b375d7a3-fced-492e-8e5a-199c7a188cf3', 'Y', '${customerUserId}', '2020-04-18 00:48:49', '${customerUserId}', '2020-04-18 00:48:49', '', 'Billing Administrator', '${tenantId}', 'N', '#fdffb6ff');
INSERT INTO   "yoro_roles" ("role_id", "active_flag", "created_by", "created_on", "modified_by", "modified_on", "role_desc", "role_name", "tenant_id", "managed_flag", "role_color") VALUES ('9c8d079c-a61f-4201-a395-4f5153c38068', 'Y', '${customerUserId}', '2020-04-18 00:48:49', '${customerUserId}', '2020-04-18 00:48:49', '', 'Application Administrator', '${tenantId}', 'N', '#caffbfff');
INSERT INTO   "yoro_roles" ("role_id", "active_flag", "created_by", "created_on", "modified_by", "modified_on", "role_desc", "role_name", "tenant_id", "managed_flag", "role_color") VALUES ('0af6950d-f073-4553-a557-4a1e59a20f2f', 'Y', '${customerUserId}', '2020-04-18 00:48:49', '${customerUserId}', '2020-04-18 00:48:49', '', 'User', '${tenantId}', 'N', '#9bf6ffff');
INSERT INTO   "yoro_roles" ("role_id", "active_flag", "created_by", "created_on", "modified_by", "modified_on", "role_desc", "role_name", "tenant_id", "managed_flag", "role_color") VALUES ('aef72506-8ccc-49cc-bdd9-8b62e4fbd4b7', 'Y', '${customerUserId}', '2020-04-18 00:48:49', '${customerUserId}', '2020-04-18 00:48:49', '', 'Guest', '${tenantId}', 'N', '#a0c4ffff');
INSERT INTO   "yoro_roles" ("role_id", "active_flag", "created_by", "created_on", "modified_by", "modified_on", "role_desc", "role_name", "tenant_id", "managed_flag", "role_color") VALUES ('2bb8fd56-715e-4ff7-b7d3-3228703cc4c0', 'Y', '${customerUserId}', '2020-04-18 00:48:49', '${customerUserId}', '2020-04-18 00:48:49', '', 'Workflow User', '${tenantId}', 'N', '#bdb2ffff');
INSERT INTO   "yoro_roles" ("role_id", "active_flag", "created_by", "created_on", "modified_by", "modified_on", "role_desc", "role_name", "tenant_id", "managed_flag", "role_color") VALUES ('42d69c59-6da6-415c-9ccc-5213474c1bc6', 'Y', '${customerUserId}', '2020-04-18 00:48:49', '${customerUserId}', '2020-04-18 00:48:49', '', 'Taskboard User', '${tenantId}', 'N', '#ffc6ffff');
INSERT INTO   "yoro_roles" ("role_id", "active_flag", "created_by", "created_on", "modified_by", "modified_on", "role_desc", "role_name", "tenant_id", "managed_flag", "role_color") VALUES ('e9b0ca86-4335-413a-9330-6e319af63e66', 'Y', '${customerUserId}', '2020-04-18 00:48:49', '${customerUserId}', '2020-04-18 00:48:49', '', 'Account Owner', '${tenantId}', 'Y', '#f0efebff');


-- changeset pradeep:1627329793243-8
--INSERT INTO   "user_associate_roles" ("user_associate_role_id", "active_flag", "created_by", "created_on", "modified_by", "modified_on", "tenant_id", "user_id", "role_id") VALUES ('5819ff51-c558-464b-a71c-0da1701b24ef', 'Y', 'liquibase@user.com', '2021-07-26 19:27:20.947', 'liquibase@user.com', '2021-07-26 19:27:20.947', '${tenantId}', '1611d1d3-6d3e-4fcf-bd38-18b863a76c8a', 'e9b0ca86-4335-413a-9330-6e319af63e66');


-- changeset pradeep:1627329793243-10
--INSERT INTO   "yoro_groups_user" ("id", "active_flag", "created_by", "created_on", "modified_by", "modified_on", "tenant_id", "user_id", "group_id") VALUES ('85c17199-286e-4da9-b1e8-e8835cac616b', 'Y', '${customerUserId}', '2020-08-25 14:55:49.074', '${customerUserId}', '2020-08-25 14:55:49.074', '${tenantId}', '1611d1d3-6d3e-4fcf-bd38-18b863a76c8a', '040e0ad6-e4c2-475f-a8d2-9e4c2505ae5b');

-- changeset pradeep:1627329793243-14
INSERT INTO   "grids" ("grid_id", "active_flag", "created_by", "created_on", "default_no_of_rows", "default_sortable_column", "exportable", "filterable", "grid_name", "grid_url", "modified_by", "modified_on", "module_name", "pass_params", "show_check_box", "tenant_id", "where_clause", "width_percentage", "sort_direction", "managed_flag", "field_values", "user_specific_grid_data", "grid_column_names") VALUES ('086ed931-2fec-4712-ae84-51d138a47170', 'Y', '${customerUserId}', '2019-12-24 20:21:00', 10, 'g.grid_name', 'false', 'true', 'grid-configuration', '', '${customerUserId}', '2020-02-24 19:01:33', 'grids g', 'g.grid_id', 'false', '${tenantId}', 'managed_flag = ''N''', 100, 'asc', 'Y', NULL, NULL, NULL);
INSERT INTO   "grids" ("grid_id", "active_flag", "created_by", "created_on", "default_no_of_rows", "default_sortable_column", "exportable", "filterable", "grid_name", "grid_url", "modified_by", "modified_on", "module_name", "pass_params", "show_check_box", "tenant_id", "where_clause", "width_percentage", "sort_direction", "managed_flag", "field_values", "user_specific_grid_data", "grid_column_names") VALUES ('6231c3a8-382d-40f2-8330-2374365bbb30', 'Y', '${customerUserId}', '2019-12-26 12:50:00', 10, 'menu_name', 'false', 'false', 'MenuConfig', '', '${customerUserId}', '2020-02-26 16:33:32', 'Menu', 'menu_id', 'false', '${tenantId}', 'managed_flag = ''N''', 100, 'desc', 'Y', NULL, NULL, NULL);
INSERT INTO   "grids" ("grid_id", "active_flag", "created_by", "created_on", "default_no_of_rows", "default_sortable_column", "exportable", "filterable", "grid_name", "grid_url", "modified_by", "modified_on", "module_name", "pass_params", "show_check_box", "tenant_id", "where_clause", "width_percentage", "sort_direction", "managed_flag", "field_values", "user_specific_grid_data", "grid_column_names") VALUES ('429037bd-a9ec-412f-af55-bb4a7adcaf8f', 'Y', '${customerUserId}', '2020-02-18 18:48:37', 10, 'table_name', 'false', 'false', 'Table Objects', '', '${customerUserId}', '2020-02-18 18:54:56', 'table_objects', 'table_objects_id', 'false', '${tenantId}', 'managed_flag = ''N''', 100, 'asc', 'Y', NULL, NULL, NULL);
INSERT INTO   "grids" ("grid_id", "active_flag", "created_by", "created_on", "default_no_of_rows", "default_sortable_column", "exportable", "filterable", "grid_name", "grid_url", "modified_by", "modified_on", "module_name", "pass_params", "show_check_box", "tenant_id", "where_clause", "width_percentage", "sort_direction", "managed_flag", "field_values", "user_specific_grid_data", "grid_column_names") VALUES ('70218a0a-6ea9-4aa4-9a32-4db53a571ca3', 'Y', '${customerUserId}', '2019-11-20 19:47:00', 10, 'user_name', 'false', 'false', 'yoro_group_users', '', '${customerUserId}', '2020-04-21 13:06:13.727', 'users', 'user_id', 'true', '${tenantId}', 'users.active_flag=''Y''', 100, 'asc', 'Y', NULL, NULL, NULL);
INSERT INTO   "grids" ("grid_id", "active_flag", "created_by", "created_on", "default_no_of_rows", "default_sortable_column", "exportable", "filterable", "grid_name", "grid_url", "modified_by", "modified_on", "module_name", "pass_params", "show_check_box", "tenant_id", "where_clause", "width_percentage", "sort_direction", "managed_flag", "field_values", "user_specific_grid_data", "grid_column_names") VALUES ('361581be-caf6-4249-8907-1b6b73fbab0e', 'Y', '${customerUserId}', '2019-12-25 11:06:00', 10, 'email_id', 'false', 'false', 'Users', '', '${customerUserId}', '2020-06-25 07:53:20.645', 'users', 'user_id', 'false', '${tenantId}', 'users.active_flag=''Y''', 100, 'asc', 'Y', NULL, NULL, NULL);
INSERT INTO   "grids" ("grid_id", "active_flag", "created_by", "created_on", "default_no_of_rows", "default_sortable_column", "exportable", "filterable", "grid_name", "grid_url", "modified_by", "modified_on", "module_name", "pass_params", "show_check_box", "tenant_id", "where_clause", "width_percentage", "sort_direction", "managed_flag", "field_values", "user_specific_grid_data", "grid_column_names") VALUES ('e32944b3-d41d-4ab9-b20a-64470872f5ff', 'Y', '${customerUserId}', '2020-04-20 21:00:44.971', 10, 'groupName', 'false', 'false', 'Groups', NULL, '${customerUserId}', '2020-04-22 14:07:28.183', 'yoro_groups', 'id', 'false', '${tenantId}', 'managed_flag = ''N''', 100, NULL, 'Y', NULL, NULL, NULL);
INSERT INTO   "grids" ("grid_id", "active_flag", "created_by", "created_on", "default_no_of_rows", "default_sortable_column", "exportable", "filterable", "grid_name", "grid_url", "modified_by", "modified_on", "module_name", "pass_params", "show_check_box", "tenant_id", "where_clause", "width_percentage", "sort_direction", "managed_flag", "field_values", "user_specific_grid_data", "grid_column_names") VALUES ('f475f797-9705-4312-a603-88b2e9017e97', 'Y', '${customerUserId}', '2020-05-08 14:06:45.626', 10, 'b.start_time', 'false', 'true', 'Failed Tasks', NULL, '${customerUserId}', '2020-08-10 14:14:19.929', 'process_definitions as a,process_instance as b,process_instance_tasks as c,process_definition_tasks as d', 'a.process_definition_id', 'false', '${tenantId}', 'cast(a.process_definition_id as varchar) = cast(b.process_definition_id as varchar) AND cast(b.process_instance_id as varchar) = cast(c.process_instance_id as varchar) AND c.status = ''ERROR'' AND cast(c.task_id as varchar) = cast(d.task_id as varchar)', 100, 'asc', 'Y', NULL, NULL, NULL);
INSERT INTO   "grids" ("grid_id", "active_flag", "created_by", "created_on", "default_no_of_rows", "default_sortable_column", "exportable", "filterable", "grid_name", "grid_url", "modified_by", "modified_on", "module_name", "pass_params", "show_check_box", "tenant_id", "where_clause", "width_percentage", "sort_direction", "managed_flag", "field_values", "user_specific_grid_data", "grid_column_names") VALUES ('abc5e063-67c4-4bdf-9247-bdd4f60ed73c', 'Y', '${customerUserId}', '2020-06-17 16:01:02.755', 10, 'b.start_time', 'false', 'true', 'Running Tasks', NULL, '${customerUserId}', '2020-08-17 16:55:24.45', 'process_definitions as a,process_instance as b', 'b.process_instance_id', 'false', '${tenantId}', 'cast(a.process_definition_id as varchar) = cast(b.process_definition_id as varchar) AND b.status = ''IN_PROCESS''', 100, 'asc', 'Y', NULL, NULL, NULL);
INSERT INTO   "grids" ("grid_id", "active_flag", "created_by", "created_on", "default_no_of_rows", "default_sortable_column", "exportable", "filterable", "grid_name", "grid_url", "modified_by", "modified_on", "module_name", "pass_params", "show_check_box", "tenant_id", "where_clause", "width_percentage", "sort_direction", "managed_flag", "field_values", "user_specific_grid_data", "grid_column_names") VALUES ('5bc12b5a-e127-454a-9c13-bbc807894136', 'Y', '${customerUserId}', '2019-12-25 15:03:00', 10, 'a.page_name', 'false', 'true', 'application_page_list', '', '${customerUserId}', '2020-08-25 16:17:57.828', 'page as a, application as b', 'a.id', 'false', '${tenantId}', 'a.layout_type = ''applicationPageLayout'' AND cast(a.application_id as varchar) = cast(b.id as varchar)', 100, 'desc', 'Y', NULL, NULL, NULL);
INSERT INTO   "grids" ("grid_id", "active_flag", "created_by", "created_on", "default_no_of_rows", "default_sortable_column", "exportable", "filterable", "grid_name", "grid_url", "modified_by", "modified_on", "module_name", "pass_params", "show_check_box", "tenant_id", "where_clause", "width_percentage", "sort_direction", "managed_flag", "field_values", "user_specific_grid_data", "grid_column_names") VALUES ('b09138b1-f24f-4024-8d1d-99dcb2102601', 'Y', '${customerUserId}', '2020-03-27 14:37:30.005', 10, 'page_id', 'false', 'true', 'Custom Pages', NULL, '${customerUserId}', '2020-09-04 08:34:28.293', 'custom_pages', 'id', 'false', '${tenantId}', 'managed_flag = ''N''', 100, 'asc', 'Y', NULL, NULL, NULL);
INSERT INTO   "grids" ("grid_id", "active_flag", "created_by", "created_on", "default_no_of_rows", "default_sortable_column", "exportable", "filterable", "grid_name", "grid_url", "modified_by", "modified_on", "module_name", "pass_params", "show_check_box", "tenant_id", "where_clause", "width_percentage", "sort_direction", "managed_flag", "field_values", "user_specific_grid_data", "grid_column_names") VALUES ('f8d4e687-37b8-494e-8486-c76a32c8230d', 'Y', '${customerUserId}', '2020-09-11 18:45:34.503', 10, 'api_name', 'false', 'false', 'Api List', NULL, '${customerUserId}', '2020-09-11 18:45:34.503', 'service_token as a, users as b', 'id', 'false', '${tenantId}', 'a.internal = ''N'' AND a.active_flag = ''Y'' AND cast(a.user_id as uuid) = cast(b.user_id as uuid) AND b.email_id = ''loggedInUserName''', 100, 'asc', 'Y', NULL, NULL, NULL);
INSERT INTO   "grids" ("grid_id", "active_flag", "created_by", "created_on", "default_no_of_rows", "default_sortable_column", "exportable", "filterable", "grid_name", "grid_url", "modified_by", "modified_on", "module_name", "pass_params", "show_check_box", "tenant_id", "where_clause", "width_percentage", "sort_direction", "managed_flag", "field_values", "user_specific_grid_data", "grid_column_names") VALUES ('0fb4fefc-af3f-45de-ac71-57909b3d0c30', 'Y', '${customerUserId}', '2020-10-06 21:55:19.273', 10, 'email_id', 'false', 'true', 'Invited users not yet logged in', NULL, '${customerUserId}', '2020-10-06 21:55:19.273', 'users', 'user_id', 'false', '${tenantId}', 'users.active_flag=''Y'' AND users.last_login is null', 100, 'asc', 'Y', NULL, NULL, NULL);
INSERT INTO   "grids" ("grid_id", "active_flag", "created_by", "created_on", "default_no_of_rows", "default_sortable_column", "exportable", "filterable", "grid_name", "grid_url", "modified_by", "modified_on", "module_name", "pass_params", "show_check_box", "tenant_id", "where_clause", "width_percentage", "sort_direction", "managed_flag", "field_values", "user_specific_grid_data", "grid_column_names") VALUES ('0a1a14d6-98f4-4a12-b5ee-c5ebf34fd15a', 'Y', '${customerUserId}', '2020-10-06 15:09:12.214', 10, 'email_id', 'false', 'true', 'Reactive Users List', NULL, '${customerUserId}', '2020-10-06 15:09:12.214', 'users', 'user_id', 'false', '${tenantId}', 'users.active_flag=''N''', 100, 'asc', 'Y', NULL, NULL, NULL);
INSERT INTO   "grids" ("grid_id", "active_flag", "created_by", "created_on", "default_no_of_rows", "default_sortable_column", "exportable", "filterable", "grid_name", "grid_url", "modified_by", "modified_on", "module_name", "pass_params", "show_check_box", "tenant_id", "where_clause", "width_percentage", "sort_direction", "managed_flag", "field_values", "user_specific_grid_data", "grid_column_names") VALUES ('84f2f273-73e7-4e1c-9f3c-ec111babc0c8', 'Y', '${customerUserId}', '2020-10-13 17:02:54.437', 10, 'template_name', 'false', 'true', 'Email Template', NULL, '${customerUserId}', '2020-10-13 17:02:54.437', 'email_template', 'id', 'false', '${tenantId}', 'managed_flag = ''N''', 100, 'asc', 'Y', NULL, NULL, NULL);
INSERT INTO   "grids" ("grid_id", "active_flag", "created_by", "created_on", "default_no_of_rows", "default_sortable_column", "exportable", "filterable", "grid_name", "grid_url", "modified_by", "modified_on", "module_name", "pass_params", "show_check_box", "tenant_id", "where_clause", "width_percentage", "sort_direction", "managed_flag", "field_values", "user_specific_grid_data", "grid_column_names") VALUES ('32db9129-aedf-45ba-ad90-e83b245ac506', 'Y', '${customerUserId}', '2019-12-25 11:06:00', 10, 'email_id', 'false', 'false', 'Inactivated Users', '', '${customerUserId}', '2020-06-25 07:53:20.645', 'users', 'user_id', 'false', '${tenantId}', 'users.active_flag=''Y'' AND users.last_login is not null', 100, 'asc', 'Y', NULL, NULL, NULL);
INSERT INTO   "grids" ("grid_id", "active_flag", "created_by", "created_on", "default_no_of_rows", "default_sortable_column", "exportable", "filterable", "grid_name", "grid_url", "modified_by", "modified_on", "module_name", "pass_params", "show_check_box", "tenant_id", "where_clause", "width_percentage", "sort_direction", "managed_flag", "field_values", "user_specific_grid_data", "grid_column_names") VALUES ('2b4fe657-03f9-406a-b61f-ea010e01af21', 'Y', '${customerUserId}', '2019-12-25 15:03:00', 10, 'a.page_name', 'true', 'true', 'workflow-page', '', '${customerUserId}', '2020-09-03 19:33:44.635', 'page as a, application as b', 'a.id', 'false', '${tenantId}', 'a.layout_type != ''applicationPageLayout'' AND cast(a.application_id as varchar) = cast(b.id as varchar) AND a.is_workflow_form = ''true'' AND a.managed_flag = ''N''', 100, 'desc', 'Y', NULL, NULL, NULL);
INSERT INTO   "grids" ("grid_id", "active_flag", "created_by", "created_on", "default_no_of_rows", "default_sortable_column", "exportable", "filterable", "grid_name", "grid_url", "modified_by", "modified_on", "module_name", "pass_params", "show_check_box", "tenant_id", "where_clause", "width_percentage", "sort_direction", "managed_flag", "field_values", "user_specific_grid_data", "grid_column_names") VALUES ('4c6aa315-2f45-4003-a18f-f9e9efad23ee', 'Y', '${customerUserId}', '2019-12-25 15:03:00', 10, 'a.page_name', 'true', 'true', 'page', '', '${customerUserId}', '2020-09-03 19:33:44.635', 'page as a, application as b', 'a.id', 'false', '${tenantId}', 'a.layout_type != ''applicationPageLayout'' AND cast(a.application_id as varchar) = cast(b.id as varchar) AND a.is_workflow_form = ''false'' AND a.managed_flag = ''N''', 100, 'desc', 'Y', NULL, NULL, NULL);
INSERT INTO   "grids" ("grid_id", "active_flag", "created_by", "created_on", "default_no_of_rows", "default_sortable_column", "exportable", "filterable", "grid_name", "grid_url", "modified_by", "modified_on", "module_name", "pass_params", "show_check_box", "tenant_id", "where_clause", "width_percentage", "sort_direction", "managed_flag", "field_values", "user_specific_grid_data", "grid_column_names") VALUES ('f6db2271-09ea-450e-9aa2-2dd8d0be4fb4', 'Y', '${customerUserId}', '2020-11-17 16:30:49.115', 10, 'sent_timestamp', 'false', 'true', 'Metric Data', NULL, '${customerUserId}', '2020-12-10 22:44:22.43', 'metrics_data', 'id', 'false', '${tenantId}', 'extract(year FROM sent_timestamp) = currentYear and extract(month FROM sent_timestamp) = currentMonth and metric_type=''sms''', 100, 'desc', 'N', NULL, NULL, NULL);
INSERT INTO   "grids" ("grid_id", "active_flag", "created_by", "created_on", "default_no_of_rows", "default_sortable_column", "exportable", "filterable", "grid_name", "grid_url", "modified_by", "modified_on", "module_name", "pass_params", "show_check_box", "tenant_id", "where_clause", "width_percentage", "sort_direction", "managed_flag", "field_values", "user_specific_grid_data", "grid_column_names") VALUES ('4a09efcb-113f-41ab-a177-bfb6507d107e', 'Y', '${customerUserId}', '2021-02-10 13:22:17.086', 10, 'cart_label', 'false', 'true', 'Shopping Configuration', NULL, '${customerUserId}', '2021-02-10 13:22:17.086', 'shopping_cart', 'id', 'false', '${tenantId}', NULL, 100, 'asc', 'N', NULL, NULL, NULL);
INSERT INTO   "grids" ("grid_id", "active_flag", "created_by", "created_on", "default_no_of_rows", "default_sortable_column", "exportable", "filterable", "grid_name", "grid_url", "modified_by", "modified_on", "module_name", "pass_params", "show_check_box", "tenant_id", "where_clause", "width_percentage", "sort_direction", "managed_flag", "field_values", "user_specific_grid_data", "grid_column_names") VALUES ('6e6b881a-3bed-41d6-b5df-644247b03d31', 'Y', '${customerUserId}', '2021-02-17 16:45:36.209', 10, 'report_name', 'false', 'true', 'Workflow Report', NULL, '${customerUserId}', '2021-02-17 16:48:32.039', 'workflow_report', 'id', 'false', '${tenantId}', NULL, 100, 'asc', 'N', NULL, NULL, NULL);
INSERT INTO   "grids" ("grid_id", "active_flag", "created_by", "created_on", "default_no_of_rows", "default_sortable_column", "exportable", "filterable", "grid_name", "grid_url", "modified_by", "modified_on", "module_name", "pass_params", "show_check_box", "tenant_id", "where_clause", "width_percentage", "sort_direction", "managed_flag", "field_values", "user_specific_grid_data", "grid_column_names") VALUES ('2c774388-f9eb-457d-986e-80348705b48d', 'Y', '${customerUserId}', '2021-03-11 17:25:22.93', 10, 'ya_stripe_key_name', 'false', 'true', 'Payment Settings', NULL, '${customerUserId}', '2021-03-12 17:06:49.927', 'payment_settings', 'uuid', 'false', '${tenantId}', NULL, 100, 'asc', 'N', NULL, NULL, NULL);


-- changeset pradeep:1627329793243-13
INSERT INTO   "grid_columns" ("id", "active_flag", "column_name", "column_sequence_no", "created_by", "created_on", "display_name", "field_type", "filterable", "hidden_value", "modified_by", "modified_on", "object_field_name", "sortable", "tenant_id", "width_percentage", "grid_id", "date_time_format") VALUES ('2a9d64c5-f14f-4b9d-be7c-c288a365a833', 'Y', 'ya_stripe_key_name', 2, '${customerUserId}', '2021-03-11 17:25:22.931', 'Stripe Key Name', 'text', 'true', 'false', '${customerUserId}', '2021-03-11 17:25:22.931', NULL, 'true', '${tenantId}', 20, '2c774388-f9eb-457d-986e-80348705b48d', '');
INSERT INTO   "grid_columns" ("id", "active_flag", "column_name", "column_sequence_no", "created_by", "created_on", "display_name", "field_type", "filterable", "hidden_value", "modified_by", "modified_on", "object_field_name", "sortable", "tenant_id", "width_percentage", "grid_id", "date_time_format") VALUES ('4a60fcf3-fc80-438d-8f09-1c55d710ed42', 'Y', 'ya_description', 3, '${customerUserId}', '2021-03-11 17:25:22.931', 'Description', 'text', 'false', 'false', '${customerUserId}', '2021-03-11 17:25:22.931', NULL, 'true', '${tenantId}', 20, '2c774388-f9eb-457d-986e-80348705b48d', '');
INSERT INTO   "grid_columns" ("id", "active_flag", "column_name", "column_sequence_no", "created_by", "created_on", "display_name", "field_type", "filterable", "hidden_value", "modified_by", "modified_on", "object_field_name", "sortable", "tenant_id", "width_percentage", "grid_id", "date_time_format") VALUES ('5ddbd390-7b77-4330-9065-2ee87efad2bc', 'Y', 'uuid', 1, '${customerUserId}', '2021-03-11 17:25:22.931', 'Primary Key', 'uuid', 'false', 'true', '${customerUserId}', '2021-03-11 17:25:22.931', NULL, 'true', '${tenantId}', 20, '2c774388-f9eb-457d-986e-80348705b48d', '');
INSERT INTO   "grid_columns" ("id", "active_flag", "column_name", "column_sequence_no", "created_by", "created_on", "display_name", "field_type", "filterable", "hidden_value", "modified_by", "modified_on", "object_field_name", "sortable", "tenant_id", "width_percentage", "grid_id", "date_time_format") VALUES ('840594d4-31d2-4dbe-9605-b95ef3fe4fc9', 'Y', 'a.id', 1, '${customerUserId}', '2019-12-25 15:03:00', 'Page #', 'uuid', 'false', 'true', '${customerUserId}', '2019-12-25 15:03:00', '', 'false', '${tenantId}', 10, '4c6aa315-2f45-4003-a18f-f9e9efad23ee', NULL);
INSERT INTO   "grid_columns" ("id", "active_flag", "column_name", "column_sequence_no", "created_by", "created_on", "display_name", "field_type", "filterable", "hidden_value", "modified_by", "modified_on", "object_field_name", "sortable", "tenant_id", "width_percentage", "grid_id", "date_time_format") VALUES ('b3ea01bf-0cb0-47f3-a057-9cc77890aabe', 'Y', 'a.page_version', 3, '${customerUserId}', '2020-05-29 14:38:10.99', 'Page Version', 'long', 'true', 'false', '${customerUserId}', '2020-05-29 14:38:10.99', NULL, 'true', '${tenantId}', 10, '4c6aa315-2f45-4003-a18f-f9e9efad23ee', NULL);
INSERT INTO   "grid_columns" ("id", "active_flag", "column_name", "column_sequence_no", "created_by", "created_on", "display_name", "field_type", "filterable", "hidden_value", "modified_by", "modified_on", "object_field_name", "sortable", "tenant_id", "width_percentage", "grid_id", "date_time_format") VALUES ('311e1afe-e422-414b-98cd-c922021395a8', 'Y', 'a.page_name', 2, '${customerUserId}', '2019-12-25 15:03:00', 'Page Name', 'text', 'true', 'false', '${customerUserId}', '2019-12-25 15:03:00', '', 'false', '${tenantId}', 10, '4c6aa315-2f45-4003-a18f-f9e9efad23ee', NULL);
INSERT INTO   "grid_columns" ("id", "active_flag", "column_name", "column_sequence_no", "created_by", "created_on", "display_name", "field_type", "filterable", "hidden_value", "modified_by", "modified_on", "object_field_name", "sortable", "tenant_id", "width_percentage", "grid_id", "date_time_format") VALUES ('6c570ecf-4f84-4802-ae7a-2a1b85dd8993', 'Y', 'b.app_name', 4, '${customerUserId}', '2020-08-25 16:20:53.056', 'Application Name', 'text', 'true', 'false', '${customerUserId}', '2020-08-25 16:20:53.056', NULL, 'true', '${tenantId}', 10, '4c6aa315-2f45-4003-a18f-f9e9efad23ee', NULL);
INSERT INTO   "grid_columns" ("id", "active_flag", "column_name", "column_sequence_no", "created_by", "created_on", "display_name", "field_type", "filterable", "hidden_value", "modified_by", "modified_on", "object_field_name", "sortable", "tenant_id", "width_percentage", "grid_id", "date_time_format") VALUES ('1a71728d-ca02-4a47-a701-d1a01b91655c', 'Y', 'a.modified_on', 5, '${customerUserId}', '2020-05-29 14:38:11.003', 'Last Modified On', 'date', 'true', 'false', '${customerUserId}', '2020-05-29 14:38:11.003', NULL, 'true', '${tenantId}', 10, '4c6aa315-2f45-4003-a18f-f9e9efad23ee', NULL);
INSERT INTO   "grid_columns" ("id", "active_flag", "column_name", "column_sequence_no", "created_by", "created_on", "display_name", "field_type", "filterable", "hidden_value", "modified_by", "modified_on", "object_field_name", "sortable", "tenant_id", "width_percentage", "grid_id", "date_time_format") VALUES ('7f2723a7-00f4-4bb6-86cc-7d8131ce3251', 'Y', 'a.id', 1, 'user@yorosis.com', '2019-12-25 15:03:00', 'Page #', 'uuid', 'false', 'true', 'user@yorosis.com', '2019-12-25 15:03:00', '', 'false', '${tenantId}', 10, '2b4fe657-03f9-406a-b61f-ea010e01af21', NULL);
INSERT INTO   "grid_columns" ("id", "active_flag", "column_name", "column_sequence_no", "created_by", "created_on", "display_name", "field_type", "filterable", "hidden_value", "modified_by", "modified_on", "object_field_name", "sortable", "tenant_id", "width_percentage", "grid_id", "date_time_format") VALUES ('31a4f0e3-bb83-4b7d-a045-3542c4fd3f84', 'Y', 'a.status', 5, '${customerUserId}', '2020-10-28 17:06:17.938', 'Status', 'text', 'false', 'false', '${customerUserId}', '2020-10-28 17:06:17.938', NULL, 'true', '${tenantId}', 10, '2b4fe657-03f9-406a-b61f-ea010e01af21', NULL);
INSERT INTO   "grid_columns" ("id", "active_flag", "column_name", "column_sequence_no", "created_by", "created_on", "display_name", "field_type", "filterable", "hidden_value", "modified_by", "modified_on", "object_field_name", "sortable", "tenant_id", "width_percentage", "grid_id", "date_time_format") VALUES ('66e71f43-bcce-4c23-9001-e7dc110a6aea', 'Y', 'a.page_version', 3, '${customerUserId}', '2020-05-25 17:30:33.972', 'Workflow Form Version', 'long', 'true', 'false', '${customerUserId}', '2020-05-25 17:30:33.972', NULL, 'true', '${tenantId}', 10, '2b4fe657-03f9-406a-b61f-ea010e01af21', NULL);
INSERT INTO   "grid_columns" ("id", "active_flag", "column_name", "column_sequence_no", "created_by", "created_on", "display_name", "field_type", "filterable", "hidden_value", "modified_by", "modified_on", "object_field_name", "sortable", "tenant_id", "width_percentage", "grid_id", "date_time_format") VALUES ('72b38e7b-4c58-49f6-b751-03baeca17c1d', 'Y', 'a.modified_on', 6, '${customerUserId}', '2020-05-25 17:39:23.429', 'Last Modified On', 'date', 'true', 'false', '${customerUserId}', '2020-05-25 17:39:23.429', NULL, 'true', '${tenantId}', 10, '2b4fe657-03f9-406a-b61f-ea010e01af21', NULL);
INSERT INTO   "grid_columns" ("id", "active_flag", "column_name", "column_sequence_no", "created_by", "created_on", "display_name", "field_type", "filterable", "hidden_value", "modified_by", "modified_on", "object_field_name", "sortable", "tenant_id", "width_percentage", "grid_id", "date_time_format") VALUES ('2483d4d6-94f4-4ca8-874c-d3ef58a36509', 'Y', 'b.app_name', 4, '${customerUserId}', '2020-08-25 16:26:40.759', 'Application Name', 'text', 'true', 'false', '${customerUserId}', '2020-08-25 16:26:40.759', NULL, 'true', '${tenantId}', 10, '2b4fe657-03f9-406a-b61f-ea010e01af21', NULL);
INSERT INTO   "grid_columns" ("id", "active_flag", "column_name", "column_sequence_no", "created_by", "created_on", "display_name", "field_type", "filterable", "hidden_value", "modified_by", "modified_on", "object_field_name", "sortable", "tenant_id", "width_percentage", "grid_id", "date_time_format") VALUES ('f0053cc5-580f-422d-8c24-e1da0b2cb856', 'Y', 'a.page_name', 2, 'user@yorosis.com', '2019-12-25 15:03:00', 'Workflow Form Name', 'text', 'true', 'false', 'user@yorosis.com', '2019-12-25 15:03:00', '', 'false', '${tenantId}', 10, '2b4fe657-03f9-406a-b61f-ea010e01af21', NULL);
INSERT INTO   "grid_columns" ("id", "active_flag", "column_name", "column_sequence_no", "created_by", "created_on", "display_name", "field_type", "filterable", "hidden_value", "modified_by", "modified_on", "object_field_name", "sortable", "tenant_id", "width_percentage", "grid_id", "date_time_format") VALUES ('18a860d1-4964-48aa-a827-78bfdbaa90ea', 'Y', 'first_name', 3, '${customerUserId}', '2020-03-10 13:35:58', 'First Name', 'text', 'false', 'false', '${customerUserId}', '2020-03-10 13:35:58', '', 'true', '${tenantId}', 15, '32db9129-aedf-45ba-ad90-e83b245ac506', NULL);
INSERT INTO   "grid_columns" ("id", "active_flag", "column_name", "column_sequence_no", "created_by", "created_on", "display_name", "field_type", "filterable", "hidden_value", "modified_by", "modified_on", "object_field_name", "sortable", "tenant_id", "width_percentage", "grid_id", "date_time_format") VALUES ('708d3ebd-a593-4fde-96c9-d21e41ee2579', 'Y', 'last_name', 4, '${customerUserId}', '2020-03-10 13:35:58', 'Last Name', 'text', 'false', 'false', '${customerUserId}', '2020-03-10 13:35:58', '', 'true', '${tenantId}', 15, '32db9129-aedf-45ba-ad90-e83b245ac506', NULL);
INSERT INTO   "grid_columns" ("id", "active_flag", "column_name", "column_sequence_no", "created_by", "created_on", "display_name", "field_type", "filterable", "hidden_value", "modified_by", "modified_on", "object_field_name", "sortable", "tenant_id", "width_percentage", "grid_id", "date_time_format") VALUES ('7309a340-6ffe-4a1e-9b7b-f3167b1adf92', 'Y', 'user_id', 1, '${customerUserId}', '2019-12-25 11:06:00', 'User Id', 'uuid', 'false', 'true', '${customerUserId}', '2019-12-25 11:06:00', '', 'false', '${tenantId}', 10, '32db9129-aedf-45ba-ad90-e83b245ac506', NULL);
INSERT INTO   "grid_columns" ("id", "active_flag", "column_name", "column_sequence_no", "created_by", "created_on", "display_name", "field_type", "filterable", "hidden_value", "modified_by", "modified_on", "object_field_name", "sortable", "tenant_id", "width_percentage", "grid_id", "date_time_format") VALUES ('8b226cfb-c6f8-4f4b-bc2e-816ff737c38a', 'Y', 'email_id', 2, '${customerUserId}', '2019-12-25 11:06:00', 'Email ', 'text', 'false', 'false', '${customerUserId}', '2019-12-25 11:06:00', '', 'true', '${tenantId}', 15, '32db9129-aedf-45ba-ad90-e83b245ac506', NULL);
INSERT INTO   "grid_columns" ("id", "active_flag", "column_name", "column_sequence_no", "created_by", "created_on", "display_name", "field_type", "filterable", "hidden_value", "modified_by", "modified_on", "object_field_name", "sortable", "tenant_id", "width_percentage", "grid_id", "date_time_format") VALUES ('5b211bb3-22ec-453c-af21-3479abd027c7', 'Y', 'g.grid_id', 13, '${customerUserId}', '2019-12-24 20:21:00', 'Grid Id', 'uuid', 'false', 'true', '${customerUserId}', '2019-12-24 20:21:00', '', 'false', '${tenantId}', 10, '086ed931-2fec-4712-ae84-51d138a47170', NULL);
INSERT INTO   "grid_columns" ("id", "active_flag", "column_name", "column_sequence_no", "created_by", "created_on", "display_name", "field_type", "filterable", "hidden_value", "modified_by", "modified_on", "object_field_name", "sortable", "tenant_id", "width_percentage", "grid_id", "date_time_format") VALUES ('2dfaa2d9-e056-4ac7-a444-dd573c159b80', 'Y', 'g.width_percentage', 3, '${customerUserId}', '2019-12-24 20:21:00', 'Grid Width Percentage', 'text', 'true', 'false', '${customerUserId}', '2019-12-24 20:21:00', '', 'false', '${tenantId}', 10, '086ed931-2fec-4712-ae84-51d138a47170', NULL);
INSERT INTO   "grid_columns" ("id", "active_flag", "column_name", "column_sequence_no", "created_by", "created_on", "display_name", "field_type", "filterable", "hidden_value", "modified_by", "modified_on", "object_field_name", "sortable", "tenant_id", "width_percentage", "grid_id", "date_time_format") VALUES ('4e404b55-83a0-4dd7-9b7d-3ae08b7acb34', 'Y', 'g.grid_name', 1, '${customerUserId}', '2019-12-24 20:21:00', 'Grid Name', 'text', 'true', 'false', '${customerUserId}', '2019-12-24 20:21:00', '', 'false', '${tenantId}', 10, '086ed931-2fec-4712-ae84-51d138a47170', NULL);
INSERT INTO   "grid_columns" ("id", "active_flag", "column_name", "column_sequence_no", "created_by", "created_on", "display_name", "field_type", "filterable", "hidden_value", "modified_by", "modified_on", "object_field_name", "sortable", "tenant_id", "width_percentage", "grid_id", "date_time_format") VALUES ('0b6e921a-a039-4bf8-a6ef-2f0b4b57cbc2', 'Y', 'g.filterable', 4, '${customerUserId}', '2019-12-24 20:21:00', 'Grid Filterable', 'text', 'true', 'false', '${customerUserId}', '2019-12-24 20:21:00', '', 'false', '${tenantId}', 10, '086ed931-2fec-4712-ae84-51d138a47170', NULL);
INSERT INTO   "grid_columns" ("id", "active_flag", "column_name", "column_sequence_no", "created_by", "created_on", "display_name", "field_type", "filterable", "hidden_value", "modified_by", "modified_on", "object_field_name", "sortable", "tenant_id", "width_percentage", "grid_id", "date_time_format") VALUES ('c4408a7e-6dbe-4aff-a068-ad9073646a07', 'Y', 'g.module_name', 2, '${customerUserId}', '2019-12-24 20:21:00', 'Module Name', 'text', 'true', 'false', '${customerUserId}', '2019-12-24 20:21:00', '', 'false', '${tenantId}', 10, '086ed931-2fec-4712-ae84-51d138a47170', NULL);
INSERT INTO   "grid_columns" ("id", "active_flag", "column_name", "column_sequence_no", "created_by", "created_on", "display_name", "field_type", "filterable", "hidden_value", "modified_by", "modified_on", "object_field_name", "sortable", "tenant_id", "width_percentage", "grid_id", "date_time_format") VALUES ('44d914e1-0283-4442-99ff-aa7f08d27ec5', 'Y', 'menu_orientation', 2, '${customerUserId}', '2019-12-26 12:50:00', 'Menu Orientation', 'text', 'false', 'false', '${customerUserId}', '2019-12-26 12:50:00', '', 'false', '${tenantId}', 20, '6231c3a8-382d-40f2-8330-2374365bbb30', NULL);
INSERT INTO   "grid_columns" ("id", "active_flag", "column_name", "column_sequence_no", "created_by", "created_on", "display_name", "field_type", "filterable", "hidden_value", "modified_by", "modified_on", "object_field_name", "sortable", "tenant_id", "width_percentage", "grid_id", "date_time_format") VALUES ('54f06186-2174-496f-bce7-7794c36a846e', 'Y', 'collapsible', 3, '${customerUserId}', '2019-12-26 12:50:00', 'Collapsible', 'text', 'false', 'false', '${customerUserId}', '2019-12-26 12:50:00', '', 'false', '${tenantId}', 20, '6231c3a8-382d-40f2-8330-2374365bbb30', NULL);
INSERT INTO   "grid_columns" ("id", "active_flag", "column_name", "column_sequence_no", "created_by", "created_on", "display_name", "field_type", "filterable", "hidden_value", "modified_by", "modified_on", "object_field_name", "sortable", "tenant_id", "width_percentage", "grid_id", "date_time_format") VALUES ('345603ab-03ca-47d2-847d-093d8c6ff3c9', 'Y', 'menu_name', 1, '${customerUserId}', '2019-12-26 12:50:00', 'Menu Name', 'text', 'false', 'false', '${customerUserId}', '2019-12-26 12:50:00', '', 'false', '${tenantId}', 20, '6231c3a8-382d-40f2-8330-2374365bbb30', NULL);
INSERT INTO   "grid_columns" ("id", "active_flag", "column_name", "column_sequence_no", "created_by", "created_on", "display_name", "field_type", "filterable", "hidden_value", "modified_by", "modified_on", "object_field_name", "sortable", "tenant_id", "width_percentage", "grid_id", "date_time_format") VALUES ('947c4271-8c91-431a-b639-379ce026bcc8', 'Y', 'menu_id', 4, '${customerUserId}', '2019-12-26 12:50:00', 'Menu Id', 'uuid', 'false', 'true', '${customerUserId}', '2019-12-26 12:50:00', '', 'false', '${tenantId}', 10, '6231c3a8-382d-40f2-8330-2374365bbb30', NULL);
INSERT INTO   "grid_columns" ("id", "active_flag", "column_name", "column_sequence_no", "created_by", "created_on", "display_name", "field_type", "filterable", "hidden_value", "modified_by", "modified_on", "object_field_name", "sortable", "tenant_id", "width_percentage", "grid_id", "date_time_format") VALUES ('2ad5dc8f-40bf-4fba-b785-50b5e56c289d', 'Y', 'table_name', 2, '${customerUserId}', '2020-02-18 18:48:37', 'Table Name', 'text', 'false', 'false', '${customerUserId}', '2020-02-18 18:48:37', '', 'true', '${tenantId}', 10, '429037bd-a9ec-412f-af55-bb4a7adcaf8f', NULL);
INSERT INTO   "grid_columns" ("id", "active_flag", "column_name", "column_sequence_no", "created_by", "created_on", "display_name", "field_type", "filterable", "hidden_value", "modified_by", "modified_on", "object_field_name", "sortable", "tenant_id", "width_percentage", "grid_id", "date_time_format") VALUES ('3041d716-807b-4587-976a-633b56b338bb', 'Y', 'table_objects_id', 1, '${customerUserId}', '2020-02-18 18:48:37', 'id', 'uuid', 'false', 'true', '${customerUserId}', '2020-02-18 18:48:37', '', 'true', '${tenantId}', 10, '429037bd-a9ec-412f-af55-bb4a7adcaf8f', NULL);
INSERT INTO   "grid_columns" ("id", "active_flag", "column_name", "column_sequence_no", "created_by", "created_on", "display_name", "field_type", "filterable", "hidden_value", "modified_by", "modified_on", "object_field_name", "sortable", "tenant_id", "width_percentage", "grid_id", "date_time_format") VALUES ('7f672dec-1d1a-4014-a7e0-81c5f5a3b02a', 'Y', 'first_name', 3, '${customerUserId}', '2019-11-20 19:47:00', 'First Name', 'text', 'false', 'false', '${customerUserId}', '2019-11-20 19:47:00', '', 'false', '${tenantId}', 10, '70218a0a-6ea9-4aa4-9a32-4db53a571ca3', NULL);
INSERT INTO   "grid_columns" ("id", "active_flag", "column_name", "column_sequence_no", "created_by", "created_on", "display_name", "field_type", "filterable", "hidden_value", "modified_by", "modified_on", "object_field_name", "sortable", "tenant_id", "width_percentage", "grid_id", "date_time_format") VALUES ('983bd083-39e2-4dd1-8ecb-1d8058347c1f', 'Y', 'last_name', 4, '${customerUserId}', '2019-11-20 19:47:00', 'Last Name', 'text', 'false', 'false', '${customerUserId}', '2019-11-20 19:47:00', '', 'false', '${tenantId}', 10, '70218a0a-6ea9-4aa4-9a32-4db53a571ca3', NULL);
INSERT INTO   "grid_columns" ("id", "active_flag", "column_name", "column_sequence_no", "created_by", "created_on", "display_name", "field_type", "filterable", "hidden_value", "modified_by", "modified_on", "object_field_name", "sortable", "tenant_id", "width_percentage", "grid_id", "date_time_format") VALUES ('72d31428-d41b-468c-be4c-a9aa1cd79bbc', 'Y', 'user_name', 2, '${customerUserId}', '2019-11-20 19:47:00', 'Username', 'text', 'false', 'false', '${customerUserId}', '2019-11-20 19:47:00', '', 'false', '${tenantId}', 10, '70218a0a-6ea9-4aa4-9a32-4db53a571ca3', NULL);
INSERT INTO   "grid_columns" ("id", "active_flag", "column_name", "column_sequence_no", "created_by", "created_on", "display_name", "field_type", "filterable", "hidden_value", "modified_by", "modified_on", "object_field_name", "sortable", "tenant_id", "width_percentage", "grid_id", "date_time_format") VALUES ('b6879223-1ee6-4c03-81fa-e98ab098b1c7', 'Y', 'user_id', 1, '${customerUserId}', '2019-11-20 19:47:00', 'user_id', 'uuid', 'false', 'true', '${customerUserId}', '2019-11-20 19:47:00', '', 'false', '${tenantId}', 10, '70218a0a-6ea9-4aa4-9a32-4db53a571ca3', NULL);
INSERT INTO   "grid_columns" ("id", "active_flag", "column_name", "column_sequence_no", "created_by", "created_on", "display_name", "field_type", "filterable", "hidden_value", "modified_by", "modified_on", "object_field_name", "sortable", "tenant_id", "width_percentage", "grid_id", "date_time_format") VALUES ('7002b46b-42cb-4295-aed8-97ea447317b4', 'Y', 'first_name', 3, '${customerUserId}', '2020-03-10 13:35:58', 'First Name', 'text', 'false', 'false', '${customerUserId}', '2020-03-10 13:35:58', '', 'true', '${tenantId}', 15, '361581be-caf6-4249-8907-1b6b73fbab0e', NULL);
INSERT INTO   "grid_columns" ("id", "active_flag", "column_name", "column_sequence_no", "created_by", "created_on", "display_name", "field_type", "filterable", "hidden_value", "modified_by", "modified_on", "object_field_name", "sortable", "tenant_id", "width_percentage", "grid_id", "date_time_format") VALUES ('f7200680-8cad-4c48-9e1e-b150e78dbe16', 'Y', 'last_name', 4, '${customerUserId}', '2020-03-10 13:35:58', 'Last Name', 'text', 'false', 'false', '${customerUserId}', '2020-03-10 13:35:58', '', 'true', '${tenantId}', 15, '361581be-caf6-4249-8907-1b6b73fbab0e', NULL);
INSERT INTO   "grid_columns" ("id", "active_flag", "column_name", "column_sequence_no", "created_by", "created_on", "display_name", "field_type", "filterable", "hidden_value", "modified_by", "modified_on", "object_field_name", "sortable", "tenant_id", "width_percentage", "grid_id", "date_time_format") VALUES ('d5a49aa3-c838-4195-88bd-896eb262b58c', 'Y', 'user_id', 1, '${customerUserId}', '2019-12-25 11:06:00', 'User Id', 'uuid', 'false', 'true', '${customerUserId}', '2019-12-25 11:06:00', '', 'false', '${tenantId}', 10, '361581be-caf6-4249-8907-1b6b73fbab0e', NULL);
INSERT INTO   "grid_columns" ("id", "active_flag", "column_name", "column_sequence_no", "created_by", "created_on", "display_name", "field_type", "filterable", "hidden_value", "modified_by", "modified_on", "object_field_name", "sortable", "tenant_id", "width_percentage", "grid_id", "date_time_format") VALUES ('05529c4c-4c82-44b4-9e85-27a79e4fdb47', 'N', 'user_type', 5, '${customerUserId}', '2020-03-10 13:35:58', 'User Type', 'text', 'false', 'false', '${customerUserId}', '2020-03-10 13:35:58', '', 'true', '${tenantId}', 15, '361581be-caf6-4249-8907-1b6b73fbab0e', NULL);
INSERT INTO   "grid_columns" ("id", "active_flag", "column_name", "column_sequence_no", "created_by", "created_on", "display_name", "field_type", "filterable", "hidden_value", "modified_by", "modified_on", "object_field_name", "sortable", "tenant_id", "width_percentage", "grid_id", "date_time_format") VALUES ('69bf565f-54b6-4e34-aaf5-7ea7fe077352', 'Y', 'email_id', 2, '${customerUserId}', '2019-12-25 11:06:00', 'Email ', 'text', 'false', 'false', '${customerUserId}', '2019-12-25 11:06:00', '', 'true', '${tenantId}', 15, '361581be-caf6-4249-8907-1b6b73fbab0e', NULL);
INSERT INTO   "grid_columns" ("id", "active_flag", "column_name", "column_sequence_no", "created_by", "created_on", "display_name", "field_type", "filterable", "hidden_value", "modified_by", "modified_on", "object_field_name", "sortable", "tenant_id", "width_percentage", "grid_id", "date_time_format") VALUES ('3cea9b54-65b2-4f8e-ab65-beb404a87ff0', 'Y', 'description', 3, '${customerUserId}', '2020-04-20 21:00:44.971', 'Description', 'text', 'false', 'false', '${customerUserId}', '2020-04-20 21:00:44.971', NULL, 'true', '${tenantId}', 10, 'e32944b3-d41d-4ab9-b20a-64470872f5ff', NULL);
INSERT INTO   "grid_columns" ("id", "active_flag", "column_name", "column_sequence_no", "created_by", "created_on", "display_name", "field_type", "filterable", "hidden_value", "modified_by", "modified_on", "object_field_name", "sortable", "tenant_id", "width_percentage", "grid_id", "date_time_format") VALUES ('3b5351d9-7549-42f3-a8bc-c012cc903c6e', 'Y', 'id', 1, '${customerUserId}', '2020-04-20 21:00:44.971', 'Id', 'uuid', 'false', 'true', '${customerUserId}', '2020-04-20 21:00:44.971', NULL, 'true', '${tenantId}', 10, 'e32944b3-d41d-4ab9-b20a-64470872f5ff', NULL);
INSERT INTO   "grid_columns" ("id", "active_flag", "column_name", "column_sequence_no", "created_by", "created_on", "display_name", "field_type", "filterable", "hidden_value", "modified_by", "modified_on", "object_field_name", "sortable", "tenant_id", "width_percentage", "grid_id", "date_time_format") VALUES ('9e5f9c3e-5b9e-45db-9d76-34b5b92742c5', 'Y', 'group_name', 2, '${customerUserId}', '2020-04-20 21:00:44.971', 'Group Name', 'text', 'false', 'false', '${customerUserId}', '2020-04-20 21:00:44.971', NULL, 'true', '${tenantId}', 10, 'e32944b3-d41d-4ab9-b20a-64470872f5ff', NULL);
INSERT INTO   "grid_columns" ("id", "active_flag", "column_name", "column_sequence_no", "created_by", "created_on", "display_name", "field_type", "filterable", "hidden_value", "modified_by", "modified_on", "object_field_name", "sortable", "tenant_id", "width_percentage", "grid_id", "date_time_format") VALUES ('9e387787-ba9d-4b3d-9c4a-f778c23ba144', 'Y', 'a.id', 1, '${customerUserId}', '2019-12-25 15:03:00', 'Page #', 'uuid', 'false', 'true', '${customerUserId}', '2019-12-25 15:03:00', '', 'false', '${tenantId}', 10, '5bc12b5a-e127-454a-9c13-bbc807894136', NULL);
INSERT INTO   "grid_columns" ("id", "active_flag", "column_name", "column_sequence_no", "created_by", "created_on", "display_name", "field_type", "filterable", "hidden_value", "modified_by", "modified_on", "object_field_name", "sortable", "tenant_id", "width_percentage", "grid_id", "date_time_format") VALUES ('2dc12831-a789-47b7-8309-99f8feb68852', 'Y', 'a.page_name', 2, '${customerUserId}', '2019-12-25 15:03:00', 'Page Name', 'text', 'true', 'false', '${customerUserId}', '2019-12-25 15:03:00', '', 'true', '${tenantId}', 10, '5bc12b5a-e127-454a-9c13-bbc807894136', NULL);
INSERT INTO   "grid_columns" ("id", "active_flag", "column_name", "column_sequence_no", "created_by", "created_on", "display_name", "field_type", "filterable", "hidden_value", "modified_by", "modified_on", "object_field_name", "sortable", "tenant_id", "width_percentage", "grid_id", "date_time_format") VALUES ('9cdd8504-e7d9-4ba5-8d79-f4986babf25e', 'Y', 'b.app_name', 3, '${customerUserId}', '2020-08-25 16:17:57.842', 'Application Name', 'text', 'true', 'false', '${customerUserId}', '2020-08-25 16:17:57.842', NULL, 'true', '${tenantId}', 10, '5bc12b5a-e127-454a-9c13-bbc807894136', NULL);
INSERT INTO   "grid_columns" ("id", "active_flag", "column_name", "column_sequence_no", "created_by", "created_on", "display_name", "field_type", "filterable", "hidden_value", "modified_by", "modified_on", "object_field_name", "sortable", "tenant_id", "width_percentage", "grid_id", "date_time_format") VALUES ('16712cea-5e27-46ca-8f22-8ee692e06604', 'Y', 'a.process_definition_name', 2, '${customerUserId}', '2020-06-17 16:01:02.755', 'Process Definition Name', 'text', 'true', 'false', '${customerUserId}', '2020-06-17 16:01:02.755', NULL, 'true', '${tenantId}', 10, 'abc5e063-67c4-4bdf-9247-bdd4f60ed73c', NULL);
INSERT INTO   "grid_columns" ("id", "active_flag", "column_name", "column_sequence_no", "created_by", "created_on", "display_name", "field_type", "filterable", "hidden_value", "modified_by", "modified_on", "object_field_name", "sortable", "tenant_id", "width_percentage", "grid_id", "date_time_format") VALUES ('011f1eef-1e20-42f8-a5c5-7efb81804807', 'Y', 'b.created_by', 5, '${customerUserId}', '2020-06-17 16:01:02.755', 'Start By', 'text', 'true', 'false', '${customerUserId}', '2020-06-17 16:01:02.755', NULL, 'true', '${tenantId}', 10, 'abc5e063-67c4-4bdf-9247-bdd4f60ed73c', NULL);
INSERT INTO   "grid_columns" ("id", "active_flag", "column_name", "column_sequence_no", "created_by", "created_on", "display_name", "field_type", "filterable", "hidden_value", "modified_by", "modified_on", "object_field_name", "sortable", "tenant_id", "width_percentage", "grid_id", "date_time_format") VALUES ('19c65b01-c1ee-4ed5-bfbc-b42f33a5fc79', 'Y', 'b.process_instance_id', 1, '${customerUserId}', '2020-06-17 16:01:02.755', 'Id', 'uuid', 'false', 'true', '${customerUserId}', '2020-06-17 16:01:02.755', NULL, 'true', '${tenantId}', 5, 'abc5e063-67c4-4bdf-9247-bdd4f60ed73c', NULL);
INSERT INTO   "grid_columns" ("id", "active_flag", "column_name", "column_sequence_no", "created_by", "created_on", "display_name", "field_type", "filterable", "hidden_value", "modified_by", "modified_on", "object_field_name", "sortable", "tenant_id", "width_percentage", "grid_id", "date_time_format") VALUES ('0fcec8a1-a3ad-48e5-9736-2389621c8865', 'Y', 'b.updated_by', 6, '${customerUserId}', '2020-06-17 16:01:02.755', 'Last Updated By', 'text', 'true', 'false', '${customerUserId}', '2020-06-17 16:01:02.755', NULL, 'true', '${tenantId}', 10, 'abc5e063-67c4-4bdf-9247-bdd4f60ed73c', NULL);
INSERT INTO   "grid_columns" ("id", "active_flag", "column_name", "column_sequence_no", "created_by", "created_on", "display_name", "field_type", "filterable", "hidden_value", "modified_by", "modified_on", "object_field_name", "sortable", "tenant_id", "width_percentage", "grid_id", "date_time_format") VALUES ('88934503-3c09-4918-8301-3e5b713c8908', 'Y', 'b.start_time', 3, '${customerUserId}', '2020-06-17 16:01:02.755', 'Start Date', 'timeStamp', 'true', 'false', '${customerUserId}', '2020-06-17 16:01:02.755', NULL, 'true', '${tenantId}', 10, 'abc5e063-67c4-4bdf-9247-bdd4f60ed73c', 'dd MMMM yyyy HH:mm:ss a');
INSERT INTO   "grid_columns" ("id", "active_flag", "column_name", "column_sequence_no", "created_by", "created_on", "display_name", "field_type", "filterable", "hidden_value", "modified_by", "modified_on", "object_field_name", "sortable", "tenant_id", "width_percentage", "grid_id", "date_time_format") VALUES ('24091610-828f-4750-8723-0d5d2f54a81e', 'Y', 'b.updated_date', 4, '${customerUserId}', '2020-06-17 16:01:02.755', 'Last Updated Date', 'timeStamp', 'true', 'false', '${customerUserId}', '2020-06-17 16:01:02.755', NULL, 'true', '${tenantId}', 10, 'abc5e063-67c4-4bdf-9247-bdd4f60ed73c', 'dd MMMM yyyy HH:mm:ss a');
INSERT INTO   "grid_columns" ("id", "active_flag", "column_name", "column_sequence_no", "created_by", "created_on", "display_name", "field_type", "filterable", "hidden_value", "modified_by", "modified_on", "object_field_name", "sortable", "tenant_id", "width_percentage", "grid_id", "date_time_format") VALUES ('e9211436-d6be-46f5-a0f0-58dbaa491774', 'Y', 'b.created_date', 5, '${customerUserId}', '2020-05-08 14:06:45.627', 'Start Time', 'timeStamp', 'true', 'false', '${customerUserId}', '2020-05-08 14:06:45.627', NULL, 'true', '${tenantId}', 10, 'f475f797-9705-4312-a603-88b2e9017e97', 'dd MMMM yyyy HH:mm:ss a');
INSERT INTO   "grid_columns" ("id", "active_flag", "column_name", "column_sequence_no", "created_by", "created_on", "display_name", "field_type", "filterable", "hidden_value", "modified_by", "modified_on", "object_field_name", "sortable", "tenant_id", "width_percentage", "grid_id", "date_time_format") VALUES ('b6942f27-7de7-4c22-bef0-7fc68f6f888c', 'Y', 'b.updated_date', 6, '${customerUserId}', '2020-05-08 14:06:45.627', 'Last Updated Time', 'timeStamp', 'true', 'false', '${customerUserId}', '2020-05-08 14:06:45.627', NULL, 'true', '${tenantId}', 10, 'f475f797-9705-4312-a603-88b2e9017e97', 'dd MMMM yyyy HH:mm:ss a');
INSERT INTO   "grid_columns" ("id", "active_flag", "column_name", "column_sequence_no", "created_by", "created_on", "display_name", "field_type", "filterable", "hidden_value", "modified_by", "modified_on", "object_field_name", "sortable", "tenant_id", "width_percentage", "grid_id", "date_time_format") VALUES ('fddb59a5-916f-4790-be7e-b6c41c30ccde', 'Y', 'a.process_definition_id', 1, '${customerUserId}', '2020-05-08 14:06:45.627', 'Id', 'uuid', 'false', 'true', '${customerUserId}', '2020-05-08 14:06:45.627', NULL, 'true', '${tenantId}', 5, 'f475f797-9705-4312-a603-88b2e9017e97', NULL);
INSERT INTO   "grid_columns" ("id", "active_flag", "column_name", "column_sequence_no", "created_by", "created_on", "display_name", "field_type", "filterable", "hidden_value", "modified_by", "modified_on", "object_field_name", "sortable", "tenant_id", "width_percentage", "grid_id", "date_time_format") VALUES ('72d2722a-f1b2-4327-be41-9bde6807c2ef', 'Y', 'd.task_name', 3, '${customerUserId}', '2020-05-08 15:43:53.557', 'Task Name', 'text', 'true', 'false', '${customerUserId}', '2020-05-08 15:43:53.557', NULL, 'true', '${tenantId}', 10, 'f475f797-9705-4312-a603-88b2e9017e97', NULL);
INSERT INTO   "grid_columns" ("id", "active_flag", "column_name", "column_sequence_no", "created_by", "created_on", "display_name", "field_type", "filterable", "hidden_value", "modified_by", "modified_on", "object_field_name", "sortable", "tenant_id", "width_percentage", "grid_id", "date_time_format") VALUES ('f7515b8e-a2ee-471d-a616-7fc9ceba02e5', 'Y', 'a.workflow_version', 4, '${customerUserId}', '2020-05-08 14:06:45.627', 'Version', 'long', 'true', 'false', '${customerUserId}', '2020-05-08 14:06:45.627', NULL, 'true', '${tenantId}', 10, 'f475f797-9705-4312-a603-88b2e9017e97', NULL);
INSERT INTO   "grid_columns" ("id", "active_flag", "column_name", "column_sequence_no", "created_by", "created_on", "display_name", "field_type", "filterable", "hidden_value", "modified_by", "modified_on", "object_field_name", "sortable", "tenant_id", "width_percentage", "grid_id", "date_time_format") VALUES ('8c4ec9ca-9a2e-4e4b-85d9-cffd15c1dca0', 'Y', 'a.process_definition_name', 2, '${customerUserId}', '2020-05-08 14:06:45.627', 'Process Definition Name', 'text', 'true', 'false', '${customerUserId}', '2020-05-08 14:06:45.627', NULL, 'true', '${tenantId}', 10, 'f475f797-9705-4312-a603-88b2e9017e97', NULL);
INSERT INTO   "grid_columns" ("id", "active_flag", "column_name", "column_sequence_no", "created_by", "created_on", "display_name", "field_type", "filterable", "hidden_value", "modified_by", "modified_on", "object_field_name", "sortable", "tenant_id", "width_percentage", "grid_id", "date_time_format") VALUES ('bf0c924c-1186-42bc-b87c-becb97eed9fc', 'Y', 'c.description', 7, '${customerUserId}', '2020-05-08 15:10:09.32', 'Error Description', 'text', 'true', 'false', '${customerUserId}', '2020-05-08 15:10:09.32', NULL, 'true', '${tenantId}', 10, 'f475f797-9705-4312-a603-88b2e9017e97', NULL);
INSERT INTO   "grid_columns" ("id", "active_flag", "column_name", "column_sequence_no", "created_by", "created_on", "display_name", "field_type", "filterable", "hidden_value", "modified_by", "modified_on", "object_field_name", "sortable", "tenant_id", "width_percentage", "grid_id", "date_time_format") VALUES ('822dd09a-8492-4670-baab-e36f843f18fa', 'Y', 'page_id', 2, '${customerUserId}', '2020-03-27 14:37:30.006', 'Page Id', 'text', 'true', 'false', '${customerUserId}', '2020-03-27 14:37:30.006', NULL, 'true', '${tenantId}', 20, 'b09138b1-f24f-4024-8d1d-99dcb2102601', NULL);
INSERT INTO   "grid_columns" ("id", "active_flag", "column_name", "column_sequence_no", "created_by", "created_on", "display_name", "field_type", "filterable", "hidden_value", "modified_by", "modified_on", "object_field_name", "sortable", "tenant_id", "width_percentage", "grid_id", "date_time_format") VALUES ('4ab47a09-7b64-4a94-81ae-a7fefd875166', 'Y', 'id', 1, '${customerUserId}', '2020-03-27 14:37:30.006', 'Id', 'uuid', 'false', 'true', '${customerUserId}', '2020-03-27 14:37:30.006', NULL, 'true', '${tenantId}', 20, 'b09138b1-f24f-4024-8d1d-99dcb2102601', NULL);
INSERT INTO   "grid_columns" ("id", "active_flag", "column_name", "column_sequence_no", "created_by", "created_on", "display_name", "field_type", "filterable", "hidden_value", "modified_by", "modified_on", "object_field_name", "sortable", "tenant_id", "width_percentage", "grid_id", "date_time_format") VALUES ('779c84b5-64c8-4d17-81c6-061b817c2ef3', 'Y', 'page_name', 3, '${customerUserId}', '2020-03-27 14:37:30.006', 'Page Name', 'text', 'true', 'false', '${customerUserId}', '2020-03-27 14:37:30.006', NULL, 'true', '${tenantId}', 20, 'b09138b1-f24f-4024-8d1d-99dcb2102601', NULL);
INSERT INTO   "grid_columns" ("id", "active_flag", "column_name", "column_sequence_no", "created_by", "created_on", "display_name", "field_type", "filterable", "hidden_value", "modified_by", "modified_on", "object_field_name", "sortable", "tenant_id", "width_percentage", "grid_id", "date_time_format") VALUES ('f3a598df-e7d0-4e90-b83a-3ed373d07dd9', 'Y', 'menu_path', 4, '${customerUserId}', '2020-03-27 14:37:30.006', 'Menu Path', 'text', 'true', 'false', '${customerUserId}', '2020-03-27 14:37:30.006', NULL, 'true', '${tenantId}', 20, 'b09138b1-f24f-4024-8d1d-99dcb2102601', NULL);
INSERT INTO   "grid_columns" ("id", "active_flag", "column_name", "column_sequence_no", "created_by", "created_on", "display_name", "field_type", "filterable", "hidden_value", "modified_by", "modified_on", "object_field_name", "sortable", "tenant_id", "width_percentage", "grid_id", "date_time_format") VALUES ('e6ef26b7-d1de-4599-8d6a-1266f1a6fe3b', 'Y', 'a.created_by', 4, '${customerUserId}', '2020-09-11 18:45:34.503', 'Created By', 'text', 'false', 'false', '${customerUserId}', '2020-09-11 18:45:34.503', NULL, 'true', '${tenantId}', 10, 'f8d4e687-37b8-494e-8486-c76a32c8230d', NULL);
INSERT INTO   "grid_columns" ("id", "active_flag", "column_name", "column_sequence_no", "created_by", "created_on", "display_name", "field_type", "filterable", "hidden_value", "modified_by", "modified_on", "object_field_name", "sortable", "tenant_id", "width_percentage", "grid_id", "date_time_format") VALUES ('ca96b872-53b0-42e2-b44b-64cc60cf08a8', 'Y', 'a.expires_on', 5, '${customerUserId}', '2020-09-11 18:45:34.503', 'Expiry Date', 'date', 'false', 'false', '${customerUserId}', '2020-09-11 18:45:34.503', NULL, 'true', '${tenantId}', 10, 'f8d4e687-37b8-494e-8486-c76a32c8230d', NULL);
INSERT INTO   "grid_columns" ("id", "active_flag", "column_name", "column_sequence_no", "created_by", "created_on", "display_name", "field_type", "filterable", "hidden_value", "modified_by", "modified_on", "object_field_name", "sortable", "tenant_id", "width_percentage", "grid_id", "date_time_format") VALUES ('b375d7a3-fced-492e-8e5a-199c7a188cf3', 'Y', 'a.api_name', 2, '${customerUserId}', '2020-09-11 18:45:34.503', 'API Name', 'text', 'false', 'false', '${customerUserId}', '2020-09-11 18:45:34.503', NULL, 'true', '${tenantId}', 10, 'f8d4e687-37b8-494e-8486-c76a32c8230d', NULL);
INSERT INTO   "grid_columns" ("id", "active_flag", "column_name", "column_sequence_no", "created_by", "created_on", "display_name", "field_type", "filterable", "hidden_value", "modified_by", "modified_on", "object_field_name", "sortable", "tenant_id", "width_percentage", "grid_id", "date_time_format") VALUES ('42d69c59-6da6-415c-9ccc-5213474c1bc6', 'Y', 'a.created_on', 3, '${customerUserId}', '2020-09-11 18:45:34.503', 'Created Date', 'date', 'false', 'false', '${customerUserId}', '2020-09-11 18:45:34.503', NULL, 'true', '${tenantId}', 10, 'f8d4e687-37b8-494e-8486-c76a32c8230d', NULL);
INSERT INTO   "grid_columns" ("id", "active_flag", "column_name", "column_sequence_no", "created_by", "created_on", "display_name", "field_type", "filterable", "hidden_value", "modified_by", "modified_on", "object_field_name", "sortable", "tenant_id", "width_percentage", "grid_id", "date_time_format") VALUES ('e0009d4a-68e7-4eec-b97d-f942965221b8', 'Y', 'a.id', 1, '${customerUserId}', '2020-09-11 18:45:34.503', 'Id', 'uuid', 'false', 'true', '${customerUserId}', '2020-09-11 18:45:34.503', NULL, 'true', '${tenantId}', 10, 'f8d4e687-37b8-494e-8486-c76a32c8230d', NULL);
INSERT INTO   "grid_columns" ("id", "active_flag", "column_name", "column_sequence_no", "created_by", "created_on", "display_name", "field_type", "filterable", "hidden_value", "modified_by", "modified_on", "object_field_name", "sortable", "tenant_id", "width_percentage", "grid_id", "date_time_format") VALUES ('d411d511-5653-41a8-aa73-0979fafa760e', 'Y', 'first_name', 3, '${customerUserId}', '2020-10-06 15:09:12.214', 'First Name', 'text', 'false', 'false', '${customerUserId}', '2020-10-06 15:09:12.214', NULL, 'true', '${tenantId}', 15, '0a1a14d6-98f4-4a12-b5ee-c5ebf34fd15a', NULL);
INSERT INTO   "grid_columns" ("id", "active_flag", "column_name", "column_sequence_no", "created_by", "created_on", "display_name", "field_type", "filterable", "hidden_value", "modified_by", "modified_on", "object_field_name", "sortable", "tenant_id", "width_percentage", "grid_id", "date_time_format") VALUES ('e7fc607e-6681-41a0-a052-609ede146892', 'Y', 'user_id', 1, '${customerUserId}', '2020-10-06 15:09:12.214', 'User Id', 'uuid', 'false', 'true', '${customerUserId}', '2020-10-06 15:09:12.214', NULL, 'true', '${tenantId}', 10, '0a1a14d6-98f4-4a12-b5ee-c5ebf34fd15a', NULL);
INSERT INTO   "grid_columns" ("id", "active_flag", "column_name", "column_sequence_no", "created_by", "created_on", "display_name", "field_type", "filterable", "hidden_value", "modified_by", "modified_on", "object_field_name", "sortable", "tenant_id", "width_percentage", "grid_id", "date_time_format") VALUES ('d73e308a-ed64-4cc3-898b-9cedb4405a64', 'Y', 'email_id', 2, '${customerUserId}', '2020-10-06 15:09:12.214', 'Email', 'text', 'true', 'false', '${customerUserId}', '2020-10-06 15:09:12.214', NULL, 'true', '${tenantId}', 15, '0a1a14d6-98f4-4a12-b5ee-c5ebf34fd15a', NULL);
INSERT INTO   "grid_columns" ("id", "active_flag", "column_name", "column_sequence_no", "created_by", "created_on", "display_name", "field_type", "filterable", "hidden_value", "modified_by", "modified_on", "object_field_name", "sortable", "tenant_id", "width_percentage", "grid_id", "date_time_format") VALUES ('a480612a-c164-49d8-8dc3-f7ea360ec55e', 'Y', 'last_name', 4, '${customerUserId}', '2020-10-06 15:09:12.214', 'Last Name', 'text', 'false', 'false', '${customerUserId}', '2020-10-06 15:09:12.214', NULL, 'true', '${tenantId}', 15, '0a1a14d6-98f4-4a12-b5ee-c5ebf34fd15a', NULL);
INSERT INTO   "grid_columns" ("id", "active_flag", "column_name", "column_sequence_no", "created_by", "created_on", "display_name", "field_type", "filterable", "hidden_value", "modified_by", "modified_on", "object_field_name", "sortable", "tenant_id", "width_percentage", "grid_id", "date_time_format") VALUES ('ef1e4614-ecf4-4705-ba73-fdbf60af11b9', 'Y', 'first_name', 3, '${customerUserId}', '2020-10-06 21:55:19.273', 'First Name', 'text', 'false', 'false', '${customerUserId}', '2020-10-06 21:55:19.273', NULL, 'true', '${tenantId}', 15, '0fb4fefc-af3f-45de-ac71-57909b3d0c30', NULL);
INSERT INTO   "grid_columns" ("id", "active_flag", "column_name", "column_sequence_no", "created_by", "created_on", "display_name", "field_type", "filterable", "hidden_value", "modified_by", "modified_on", "object_field_name", "sortable", "tenant_id", "width_percentage", "grid_id", "date_time_format") VALUES ('d4cb004a-601e-45fc-9c89-84dfec702ecc', 'Y', 'email_id', 2, '${customerUserId}', '2020-10-06 21:55:19.273', 'Email ', 'text', 'true', 'false', '${customerUserId}', '2020-10-06 21:55:19.273', NULL, 'true', '${tenantId}', 15, '0fb4fefc-af3f-45de-ac71-57909b3d0c30', NULL);
INSERT INTO   "grid_columns" ("id", "active_flag", "column_name", "column_sequence_no", "created_by", "created_on", "display_name", "field_type", "filterable", "hidden_value", "modified_by", "modified_on", "object_field_name", "sortable", "tenant_id", "width_percentage", "grid_id", "date_time_format") VALUES ('fefdf385-025e-49ce-897e-f12cd291caa9', 'Y', 'last_name', 4, '${customerUserId}', '2020-10-06 21:55:19.273', 'Last Name', 'text', 'false', 'false', '${customerUserId}', '2020-10-06 21:55:19.273', NULL, 'true', '${tenantId}', 15, '0fb4fefc-af3f-45de-ac71-57909b3d0c30', NULL);
INSERT INTO   "grid_columns" ("id", "active_flag", "column_name", "column_sequence_no", "created_by", "created_on", "display_name", "field_type", "filterable", "hidden_value", "modified_by", "modified_on", "object_field_name", "sortable", "tenant_id", "width_percentage", "grid_id", "date_time_format") VALUES ('554e0425-3ab0-4629-b0a8-469d25b35a2b', 'Y', 'user_id', 1, '${customerUserId}', '2020-10-06 21:55:19.273', 'User Id', 'uuid', 'false', 'true', '${customerUserId}', '2020-10-06 21:55:19.273', NULL, 'true', '${tenantId}', 10, '0fb4fefc-af3f-45de-ac71-57909b3d0c30', NULL);
INSERT INTO   "grid_columns" ("id", "active_flag", "column_name", "column_sequence_no", "created_by", "created_on", "display_name", "field_type", "filterable", "hidden_value", "modified_by", "modified_on", "object_field_name", "sortable", "tenant_id", "width_percentage", "grid_id", "date_time_format") VALUES ('3490499b-e127-404a-8220-78c074a07830', 'Y', 'created_by', 3, '${customerUserId}', '2020-10-13 17:02:54.438', 'Created By', 'text', 'true', 'false', '${customerUserId}', '2020-10-13 17:02:54.438', NULL, 'true', '${tenantId}', 10, '84f2f273-73e7-4e1c-9f3c-ec111babc0c8', NULL);
INSERT INTO   "grid_columns" ("id", "active_flag", "column_name", "column_sequence_no", "created_by", "created_on", "display_name", "field_type", "filterable", "hidden_value", "modified_by", "modified_on", "object_field_name", "sortable", "tenant_id", "width_percentage", "grid_id", "date_time_format") VALUES ('4129ea51-fa3d-43e9-87a1-58ea8240422c', 'Y', 'id', 1, '${customerUserId}', '2020-10-13 17:02:54.438', 'Id', 'uuid', 'false', 'true', '${customerUserId}', '2020-10-13 17:02:54.438', NULL, 'true', '${tenantId}', 10, '84f2f273-73e7-4e1c-9f3c-ec111babc0c8', NULL);
INSERT INTO   "grid_columns" ("id", "active_flag", "column_name", "column_sequence_no", "created_by", "created_on", "display_name", "field_type", "filterable", "hidden_value", "modified_by", "modified_on", "object_field_name", "sortable", "tenant_id", "width_percentage", "grid_id", "date_time_format") VALUES ('d606bd37-4e63-46d5-a040-5a7ffb261b9b', 'Y', 'created_on', 4, '${customerUserId}', '2020-10-13 17:02:54.438', 'Created Date', 'date', 'false', 'false', '${customerUserId}', '2020-10-13 17:02:54.438', NULL, 'true', '${tenantId}', 10, '84f2f273-73e7-4e1c-9f3c-ec111babc0c8', NULL);
INSERT INTO   "grid_columns" ("id", "active_flag", "column_name", "column_sequence_no", "created_by", "created_on", "display_name", "field_type", "filterable", "hidden_value", "modified_by", "modified_on", "object_field_name", "sortable", "tenant_id", "width_percentage", "grid_id", "date_time_format") VALUES ('1ba6f9b7-096c-4fd9-83b5-8dc7ea9c6b94', 'Y', 'template_name', 2, '${customerUserId}', '2020-10-13 17:02:54.438', 'Template Name', 'text', 'true', 'false', '${customerUserId}', '2020-10-13 17:02:54.438', NULL, 'true', '${tenantId}', 10, '84f2f273-73e7-4e1c-9f3c-ec111babc0c8', NULL);
INSERT INTO   "grid_columns" ("id", "active_flag", "column_name", "column_sequence_no", "created_by", "created_on", "display_name", "field_type", "filterable", "hidden_value", "modified_by", "modified_on", "object_field_name", "sortable", "tenant_id", "width_percentage", "grid_id", "date_time_format") VALUES ('957bc8ad-8ead-4990-acac-e0f2e52aeacf', 'Y', 'sent_timestamp', 4, '${customerUserId}', '2020-11-17 16:30:49.116', 'Sent Time', 'timeStamp', 'true', 'false', '${customerUserId}', '2020-11-17 16:30:49.116', NULL, 'true', '${tenantId}', 20, 'f6db2271-09ea-450e-9aa2-2dd8d0be4fb4', 'dd MMMM yyyy HH:mm:ss a');
INSERT INTO   "grid_columns" ("id", "active_flag", "column_name", "column_sequence_no", "created_by", "created_on", "display_name", "field_type", "filterable", "hidden_value", "modified_by", "modified_on", "object_field_name", "sortable", "tenant_id", "width_percentage", "grid_id", "date_time_format") VALUES ('df854375-8079-4823-95b7-17d2d0b22aa3', 'Y', 'recipient_id', 3, '${customerUserId}', '2020-11-17 16:30:49.116', 'Recipient Id', 'text', 'true', 'false', '${customerUserId}', '2020-11-17 16:30:49.116', NULL, 'true', '${tenantId}', 20, 'f6db2271-09ea-450e-9aa2-2dd8d0be4fb4', NULL);
INSERT INTO   "grid_columns" ("id", "active_flag", "column_name", "column_sequence_no", "created_by", "created_on", "display_name", "field_type", "filterable", "hidden_value", "modified_by", "modified_on", "object_field_name", "sortable", "tenant_id", "width_percentage", "grid_id", "date_time_format") VALUES ('f518c0e2-693e-4f6e-ae53-e66f1b51e377', 'Y', 'metric_type', 2, '${customerUserId}', '2020-11-17 16:30:49.116', 'Metric Type', 'text', 'true', 'false', '${customerUserId}', '2020-11-17 16:30:49.116', NULL, 'true', '${tenantId}', 30, 'f6db2271-09ea-450e-9aa2-2dd8d0be4fb4', NULL);
INSERT INTO   "grid_columns" ("id", "active_flag", "column_name", "column_sequence_no", "created_by", "created_on", "display_name", "field_type", "filterable", "hidden_value", "modified_by", "modified_on", "object_field_name", "sortable", "tenant_id", "width_percentage", "grid_id", "date_time_format") VALUES ('673af512-9fa5-41b8-8a05-70fa5f03924c', 'Y', 'id', 1, '${customerUserId}', '2020-11-17 16:30:49.116', 'Metric Id', 'uuid', 'false', 'true', '${customerUserId}', '2020-11-17 16:30:49.116', NULL, 'true', '${tenantId}', 20, 'f6db2271-09ea-450e-9aa2-2dd8d0be4fb4', NULL);
INSERT INTO   "grid_columns" ("id", "active_flag", "column_name", "column_sequence_no", "created_by", "created_on", "display_name", "field_type", "filterable", "hidden_value", "modified_by", "modified_on", "object_field_name", "sortable", "tenant_id", "width_percentage", "grid_id", "date_time_format") VALUES ('4f654bf7-4d85-47cd-a2df-e9a5b07fc03a', 'Y', 'id', 1, '${customerUserId}', '2021-02-10 13:22:17.086', 'Id', 'uuid', 'false', 'true', '${customerUserId}', '2021-02-10 13:22:17.086', NULL, 'true', '${tenantId}', 10, '4a09efcb-113f-41ab-a177-bfb6507d107e', '');
INSERT INTO   "grid_columns" ("id", "active_flag", "column_name", "column_sequence_no", "created_by", "created_on", "display_name", "field_type", "filterable", "hidden_value", "modified_by", "modified_on", "object_field_name", "sortable", "tenant_id", "width_percentage", "grid_id", "date_time_format") VALUES ('6bb7615a-a2a5-4314-aed3-39b37735b47c', 'Y', 'created_on', 4, '${customerUserId}', '2021-02-10 13:22:17.086', 'Created Date', 'timeStamp', 'false', 'false', '${customerUserId}', '2021-02-10 13:22:17.086', NULL, 'true', '${tenantId}', 20, '4a09efcb-113f-41ab-a177-bfb6507d107e', 'MM/dd/yyyy hh:mm:ss a');
INSERT INTO   "grid_columns" ("id", "active_flag", "column_name", "column_sequence_no", "created_by", "created_on", "display_name", "field_type", "filterable", "hidden_value", "modified_by", "modified_on", "object_field_name", "sortable", "tenant_id", "width_percentage", "grid_id", "date_time_format") VALUES ('af1b92fb-b036-4ebe-b998-f18ccf0ad5be', 'Y', 'created_by', 3, '${customerUserId}', '2021-02-10 13:22:17.086', 'Created By', 'text', 'true', 'false', '${customerUserId}', '2021-02-10 13:22:17.086', NULL, 'true', '${tenantId}', 20, '4a09efcb-113f-41ab-a177-bfb6507d107e', '');
INSERT INTO   "grid_columns" ("id", "active_flag", "column_name", "column_sequence_no", "created_by", "created_on", "display_name", "field_type", "filterable", "hidden_value", "modified_by", "modified_on", "object_field_name", "sortable", "tenant_id", "width_percentage", "grid_id", "date_time_format") VALUES ('bb3c97e2-565f-4ecb-88f3-936b06263a14', 'Y', 'cart_label', 2, '${customerUserId}', '2021-02-10 13:22:17.086', 'Cart Name', 'text', 'true', 'false', '${customerUserId}', '2021-02-10 13:22:17.086', NULL, 'true', '${tenantId}', 20, '4a09efcb-113f-41ab-a177-bfb6507d107e', '');
INSERT INTO   "grid_columns" ("id", "active_flag", "column_name", "column_sequence_no", "created_by", "created_on", "display_name", "field_type", "filterable", "hidden_value", "modified_by", "modified_on", "object_field_name", "sortable", "tenant_id", "width_percentage", "grid_id", "date_time_format") VALUES ('9a02f74c-acd4-4b37-94a4-fc16c84970c6', 'Y', 'cart_name', 5, '${customerUserId}', '2021-02-10 14:00:00.292', 'Name', 'text', 'false', 'true', '${customerUserId}', '2021-02-10 14:00:00.292', NULL, 'true', '${tenantId}', 10, '4a09efcb-113f-41ab-a177-bfb6507d107e', '');
INSERT INTO   "grid_columns" ("id", "active_flag", "column_name", "column_sequence_no", "created_by", "created_on", "display_name", "field_type", "filterable", "hidden_value", "modified_by", "modified_on", "object_field_name", "sortable", "tenant_id", "width_percentage", "grid_id", "date_time_format") VALUES ('888baaf3-0ec7-4062-ba37-956440f5087b', 'Y', 'workflow_name', 4, '${customerUserId}', '2021-02-17 16:45:36.211', 'Workflow Name', 'text', 'true', 'false', '${customerUserId}', '2021-02-17 16:45:36.211', NULL, 'true', '${tenantId}', 19, '6e6b881a-3bed-41d6-b5df-644247b03d31', '');
INSERT INTO   "grid_columns" ("id", "active_flag", "column_name", "column_sequence_no", "created_by", "created_on", "display_name", "field_type", "filterable", "hidden_value", "modified_by", "modified_on", "object_field_name", "sortable", "tenant_id", "width_percentage", "grid_id", "date_time_format") VALUES ('5b4cd805-b3a5-464d-b372-4092902e7ea9', 'Y', 'report_type', 3, '${customerUserId}', '2021-02-17 16:45:36.211', 'Report Type', 'text', 'true', 'false', '${customerUserId}', '2021-02-17 16:45:36.211', NULL, 'true', '${tenantId}', 15, '6e6b881a-3bed-41d6-b5df-644247b03d31', '');
INSERT INTO   "grid_columns" ("id", "active_flag", "column_name", "column_sequence_no", "created_by", "created_on", "display_name", "field_type", "filterable", "hidden_value", "modified_by", "modified_on", "object_field_name", "sortable", "tenant_id", "width_percentage", "grid_id", "date_time_format") VALUES ('19ab491d-90ef-4d33-b853-604e4e357871', 'Y', 'task_name', 6, '${customerUserId}', '2021-02-17 16:45:36.211', 'Task Name', 'text', 'true', 'false', '${customerUserId}', '2021-02-17 16:45:36.211', NULL, 'true', '${tenantId}', 19, '6e6b881a-3bed-41d6-b5df-644247b03d31', '');
INSERT INTO   "grid_columns" ("id", "active_flag", "column_name", "column_sequence_no", "created_by", "created_on", "display_name", "field_type", "filterable", "hidden_value", "modified_by", "modified_on", "object_field_name", "sortable", "tenant_id", "width_percentage", "grid_id", "date_time_format") VALUES ('7315df8e-2d6e-4707-b757-03d1e09e151e', 'Y', 'report_name', 2, '${customerUserId}', '2021-02-17 16:45:36.211', 'Report Name', 'text', 'true', 'false', '${customerUserId}', '2021-02-17 16:45:36.211', NULL, 'true', '${tenantId}', 18, '6e6b881a-3bed-41d6-b5df-644247b03d31', '');
INSERT INTO   "grid_columns" ("id", "active_flag", "column_name", "column_sequence_no", "created_by", "created_on", "display_name", "field_type", "filterable", "hidden_value", "modified_by", "modified_on", "object_field_name", "sortable", "tenant_id", "width_percentage", "grid_id", "date_time_format") VALUES ('294f8511-ecca-47be-832e-ac436278644a', 'Y', 'workflow_version', 5, '${customerUserId}', '2021-02-17 16:45:36.211', 'Workflow Version', 'long', 'true', 'false', '${customerUserId}', '2021-02-17 16:45:36.211', NULL, 'true', '${tenantId}', 18, '6e6b881a-3bed-41d6-b5df-644247b03d31', '');
INSERT INTO   "grid_columns" ("id", "active_flag", "column_name", "column_sequence_no", "created_by", "created_on", "display_name", "field_type", "filterable", "hidden_value", "modified_by", "modified_on", "object_field_name", "sortable", "tenant_id", "width_percentage", "grid_id", "date_time_format") VALUES ('31e48e8f-300f-4f42-ba09-92f75800f4db', 'Y', 'report_id', 1, '${customerUserId}', '2021-02-17 16:45:36', 'Id', 'uuid', 'false', 'true', '${customerUserId}', '2021-02-17 16:45:36', NULL, 'true', '${tenantId}', 10, '6e6b881a-3bed-41d6-b5df-644247b03d31', '');
INSERT INTO   "grid_columns" ("id", "active_flag", "column_name", "column_sequence_no", "created_by", "created_on", "display_name", "field_type", "filterable", "hidden_value", "modified_by", "modified_on", "object_field_name", "sortable", "tenant_id", "width_percentage", "grid_id", "date_time_format") VALUES ('809d671a-f46d-4976-bc64-9bf502bef670', 'Y', 'enable_report', 7, '${customerUserId}', '2021-02-17 16:45:36', 'Read Allowed', 'text', 'true', 'false', '${customerUserId}', '2021-02-17 16:45:36', NULL, 'true', '${tenantId}', 10, '6e6b881a-3bed-41d6-b5df-644247b03d31', NULL);


-- changeset pradeep:1627329793243-15
--INSERT INTO   "users" ("user_id", "active_flag", "created_by", "created_on", "email_id", "first_name", "last_login", "last_name", "modified_by", "modified_on", "tenant_id", "user_name", "user_password", "user_type", "profile_picture", "contact_email_id", "contact_mobile_number", "otp_provider", "otp_secret", "auth_type", "auth_token", "auth_expiration_date", "is_two_factor") VALUES ('1611d1d3-6d3e-4fcf-bd38-18b863a76c8a', 'Y', 'liquibase@user.com', '2021-07-26 19:27:19.531', 'liquibase@user.com', 'Liquibase', NULL, 'User', 'liquibase@user.com', '2021-07-26 19:27:19.531', '${tenantId}', 'liquibase@user.com', '$2a$10$ANoTD2xtU1H2uFINTJNaYuUD5aWanD2q72FGiNWio5jBuPkgeB3p.', NULL, NULL, 'liquibase@user.com', NULL, NULL, NULL, NULL, NULL, NULL, NULL);

-- changeset pradeep:1627329793243-16
INSERT INTO   "menu" ("menu_id", "active_flag", "collapsible", "created_by", "created_on", "menu_name", "menu_orientation", "modified_by", "modified_on", "tenant_id", "application_id", "managed_flag") VALUES ('4c98b424-ff35-4c27-894d-9fc6d9d49cc4', 'Y', 'N', '${customerUserId}', '2020-04-18 16:08:12.014', 'Yoroflow Menu', 'Left', '${customerUserId}', '2020-08-26 11:02:27.055', '${tenantId}', '511401b9-1300-45c7-99cc-36e8b95aae52', 'Y');

-- changeset pradeep:1627329793243-17
INSERT INTO   "menu_details" ("id", "active_flag", "created_by", "created_on", "menu_name", "menu_path", "modified_by", "modified_on", "page_id", "tenant_id", "menu_id", "parent_menu_id", "display_order", "custom_page_id", "icon", "report_id") VALUES ('660085e9-5ab8-4699-97d3-20910d8c2c31', 'N', '${customerUserId}', '2020-04-18 16:08:12.273', 'Workflow', 'workflow', '${customerUserId}', '2020-04-18 17:12:25.545', NULL, '${tenantId}', '4c98b424-ff35-4c27-894d-9fc6d9d49cc4', NULL, 2, '0516ee11-c1bf-4488-a640-32410b008cfa', NULL, NULL);
INSERT INTO   "menu_details" ("id", "active_flag", "created_by", "created_on", "menu_name", "menu_path", "modified_by", "modified_on", "page_id", "tenant_id", "menu_id", "parent_menu_id", "display_order", "custom_page_id", "icon", "report_id") VALUES ('9cbe4053-00c3-4eb8-b892-c3e15c23ec1c', 'N', '${customerUserId}', '2020-04-23 14:05:41.598', 'Failed Task', '', '${customerUserId}', '2020-05-08 16:41:00.641', '43d86601-b492-40c9-90e6-fabdb2a39371', '${tenantId}', '4c98b424-ff35-4c27-894d-9fc6d9d49cc4', '80c04e8a-9aa2-4220-a3e3-56683563ffad', 7, NULL, NULL, NULL);
INSERT INTO   "menu_details" ("id", "active_flag", "created_by", "created_on", "menu_name", "menu_path", "modified_by", "modified_on", "page_id", "tenant_id", "menu_id", "parent_menu_id", "display_order", "custom_page_id", "icon", "report_id") VALUES ('85e5d92a-4356-4eab-bd64-26b3ea3d8858', 'N', '${customerUserId}', '2020-07-21 13:51:29.519', 'My Tasks', 'my-pending-task', '${customerUserId}', '2020-07-21 15:34:10.339', NULL, '${tenantId}', '4c98b424-ff35-4c27-894d-9fc6d9d49cc4', NULL, 2, '21b8264a-a55b-4672-b8c1-68b03bbbfb75', NULL, NULL);
INSERT INTO   "menu_details" ("id", "active_flag", "created_by", "created_on", "menu_name", "menu_path", "modified_by", "modified_on", "page_id", "tenant_id", "menu_id", "parent_menu_id", "display_order", "custom_page_id", "icon", "report_id") VALUES ('f99f201b-350b-4eff-9898-1b2b4b896360', 'Y', '${customerUserId}', '2020-07-21 09:16:40.74', 'Workflow', '', '${customerUserId}', '2020-10-13 12:49:11.078', NULL, '${tenantId}', '4c98b424-ff35-4c27-894d-9fc6d9d49cc4', NULL, 2, NULL, 'engineering', NULL);
INSERT INTO   "menu_details" ("id", "active_flag", "created_by", "created_on", "menu_name", "menu_path", "modified_by", "modified_on", "page_id", "tenant_id", "menu_id", "parent_menu_id", "display_order", "custom_page_id", "icon", "report_id") VALUES ('cc1e6c46-3ab0-4006-bbc2-551dee26e8b6', 'N', '${customerUserId}', '2020-04-18 16:08:12.399', 'My Tasks', 'my-pending-task', '${customerUserId}', '2020-09-04 08:37:57.726', NULL, '${tenantId}', '4c98b424-ff35-4c27-894d-9fc6d9d49cc4', '6936fb8d-0291-4068-9f2f-1de17425757a', 1, '21b8264a-a55b-4672-b8c1-68b03bbbfb75', NULL, NULL);
INSERT INTO   "menu_details" ("id", "active_flag", "created_by", "created_on", "menu_name", "menu_path", "modified_by", "modified_on", "page_id", "tenant_id", "menu_id", "parent_menu_id", "display_order", "custom_page_id", "icon", "report_id") VALUES ('15a5ce18-e0ed-43e7-8c9e-7b5f18c8cf68', 'Y', '${customerUserId}', '2020-05-15 22:09:30.998', 'Create Application', 'app/create', '${customerUserId}', '2020-10-13 12:49:11.078', NULL, '${tenantId}', '4c98b424-ff35-4c27-894d-9fc6d9d49cc4', 'dc829215-2276-488c-a9a2-4d1b67436ad3', 2, '5bd80c02-8990-4e14-b260-55d97c4c1f8d', NULL, NULL);
INSERT INTO   "menu_details" ("id", "active_flag", "created_by", "created_on", "menu_name", "menu_path", "modified_by", "modified_on", "page_id", "tenant_id", "menu_id", "parent_menu_id", "display_order", "custom_page_id", "icon", "report_id") VALUES ('4ec68a6b-f006-4ade-93ed-31d69184648e', 'Y', '${customerUserId}', '2020-05-11 20:09:16.569', 'Failed Process', 'process-instance-failed-list', '${customerUserId}', '2020-10-13 12:49:11.078', NULL, '${tenantId}', '4c98b424-ff35-4c27-894d-9fc6d9d49cc4', '2e463d60-466a-4574-a005-996c048eb6ea', 3, '746f37ec-bd35-49d0-8a17-3f24346d7ecc', NULL, NULL);
INSERT INTO   "menu_details" ("id", "active_flag", "created_by", "created_on", "menu_name", "menu_path", "modified_by", "modified_on", "page_id", "tenant_id", "menu_id", "parent_menu_id", "display_order", "custom_page_id", "icon", "report_id") VALUES ('325dfb21-4118-4296-bb65-94b74e14d6f2', 'Y', '${customerUserId}', '2020-05-11 20:09:16.49', 'Completed Process', 'process-instance-completed-list', '${customerUserId}', '2020-10-13 12:49:11.078', NULL, '${tenantId}', '4c98b424-ff35-4c27-894d-9fc6d9d49cc4', '2e463d60-466a-4574-a005-996c048eb6ea', 2, '6d6b8e46-ddd1-431d-bc55-f7821292df0e', NULL, NULL);
INSERT INTO   "menu_details" ("id", "active_flag", "created_by", "created_on", "menu_name", "menu_path", "modified_by", "modified_on", "page_id", "tenant_id", "menu_id", "parent_menu_id", "display_order", "custom_page_id", "icon", "report_id") VALUES ('233a85a8-7748-4df9-a8f9-73df0b95c912', 'Y', '${customerUserId}', '2020-04-21 22:14:31.045', 'Dashboard Report', 'generate-reports', '${customerUserId}', '2020-10-13 12:49:11.078', NULL, '${tenantId}', '4c98b424-ff35-4c27-894d-9fc6d9d49cc4', '80c04e8a-9aa2-4220-a3e3-56683563ffad', 7, '0656c32e-52ea-485a-a775-c34ffe27ecf7', NULL, NULL);
INSERT INTO   "menu_details" ("id", "active_flag", "created_by", "created_on", "menu_name", "menu_path", "modified_by", "modified_on", "page_id", "tenant_id", "menu_id", "parent_menu_id", "display_order", "custom_page_id", "icon", "report_id") VALUES ('5475ddbd-1f6c-4e95-8218-c95b841dd3dc', 'Y', '${customerUserId}', '2020-06-15 20:48:01.876', 'Application  Layout Page Configuration', 'app-layout', '${customerUserId}', '2020-10-13 12:49:11.078', NULL, '${tenantId}', '4c98b424-ff35-4c27-894d-9fc6d9d49cc4', 'dc829215-2276-488c-a9a2-4d1b67436ad3', 5, '97f6aff1-6b24-4009-b71d-611ede5b33b1', NULL, NULL);
INSERT INTO   "menu_details" ("id", "active_flag", "created_by", "created_on", "menu_name", "menu_path", "modified_by", "modified_on", "page_id", "tenant_id", "menu_id", "parent_menu_id", "display_order", "custom_page_id", "icon", "report_id") VALUES ('b4db84d3-bd7d-4394-a580-6ffeb048d61a', 'Y', '${customerUserId}', '2020-05-15 19:40:08.741', 'Create Page', 'create/page', '${customerUserId}', '2020-10-13 12:49:11.078', NULL, '${tenantId}', '4c98b424-ff35-4c27-894d-9fc6d9d49cc4', '787d54f5-a645-4cb5-9e07-97ce668b99cb', 1, '52215e4d-b6c6-4942-a2c0-f7c7fd1a0cb9', NULL, NULL);
INSERT INTO   "menu_details" ("id", "active_flag", "created_by", "created_on", "menu_name", "menu_path", "modified_by", "modified_on", "page_id", "tenant_id", "menu_id", "parent_menu_id", "display_order", "custom_page_id", "icon", "report_id") VALUES ('2bd7de32-ed68-4ad2-a015-2a21a9cfe9a6', 'Y', '${customerUserId}', '2020-05-15 19:41:30.213', 'Page List', 'page-list', '${customerUserId}', '2020-10-13 12:49:11.078', NULL, '${tenantId}', '4c98b424-ff35-4c27-894d-9fc6d9d49cc4', '787d54f5-a645-4cb5-9e07-97ce668b99cb', 2, 'bdf0ed75-68e6-4697-99b8-c1fc164ad5c6', NULL, NULL);
INSERT INTO   "menu_details" ("id", "active_flag", "created_by", "created_on", "menu_name", "menu_path", "modified_by", "modified_on", "page_id", "tenant_id", "menu_id", "parent_menu_id", "display_order", "custom_page_id", "icon", "report_id") VALUES ('a2f5479d-3592-4cd7-af09-ec6b61973d9f', 'Y', '${customerUserId}', '2020-05-15 19:43:03.172', 'Menu Configuration', 'menu-config', '${customerUserId}', '2020-10-13 12:49:11.078', NULL, '${tenantId}', '4c98b424-ff35-4c27-894d-9fc6d9d49cc4', 'dc829215-2276-488c-a9a2-4d1b67436ad3', 3, 'de5dd631-dbf2-41f7-b137-ae08ca42e940', NULL, NULL);
INSERT INTO   "menu_details" ("id", "active_flag", "created_by", "created_on", "menu_name", "menu_path", "modified_by", "modified_on", "page_id", "tenant_id", "menu_id", "parent_menu_id", "display_order", "custom_page_id", "icon", "report_id") VALUES ('2f5ef729-ce9f-41d0-90ba-1b42b1a14e22', 'Y', '${customerUserId}', '2020-05-15 19:44:33.97', 'Grid Configuration', 'grid-config', '${customerUserId}', '2020-10-13 12:49:11.078', NULL, '${tenantId}', '4c98b424-ff35-4c27-894d-9fc6d9d49cc4', 'dc829215-2276-488c-a9a2-4d1b67436ad3', 4, 'c4f5f2de-dd09-4d0c-98e6-f41a86f76fcd', NULL, NULL);
INSERT INTO   "menu_details" ("id", "active_flag", "created_by", "created_on", "menu_name", "menu_path", "modified_by", "modified_on", "page_id", "tenant_id", "menu_id", "parent_menu_id", "display_order", "custom_page_id", "icon", "report_id") VALUES ('d4755ca7-9f88-43a3-8491-5e6971e87569', 'Y', '${customerUserId}', '2020-04-21 13:58:37.427', 'Associate users to Security Group', 'user-group-association', '${customerUserId}', '2020-10-13 12:49:11.078', NULL, '${tenantId}', '4c98b424-ff35-4c27-894d-9fc6d9d49cc4', '80c04e8a-9aa2-4220-a3e3-56683563ffad', 3, 'bd160882-392c-4d44-a7e8-5edad9f8a949', NULL, NULL);
INSERT INTO   "menu_details" ("id", "active_flag", "created_by", "created_on", "menu_name", "menu_path", "modified_by", "modified_on", "page_id", "tenant_id", "menu_id", "parent_menu_id", "display_order", "custom_page_id", "icon", "report_id") VALUES ('bb7ae665-2adc-4cee-a026-881dbe0f6be7', 'Y', '${customerUserId}', '2020-06-15 20:48:02.435', 'Application Layout Page List', 'app-layout-page-list', '${customerUserId}', '2020-10-13 12:49:11.078', NULL, '${tenantId}', '4c98b424-ff35-4c27-894d-9fc6d9d49cc4', 'dc829215-2276-488c-a9a2-4d1b67436ad3', 6, 'cc27d23b-96b9-4f3c-a1a8-41bddddcae41', NULL, NULL);
INSERT INTO   "menu_details" ("id", "active_flag", "created_by", "created_on", "menu_name", "menu_path", "modified_by", "modified_on", "page_id", "tenant_id", "menu_id", "parent_menu_id", "display_order", "custom_page_id", "icon", "report_id") VALUES ('36fc6b9f-1f89-46ae-8c17-6761072a01d0', 'Y', '${customerUserId}', '2020-05-15 19:25:39.017', 'Dashboard', 'application-dashboard', '${customerUserId}', '2020-10-13 12:49:11.078', NULL, '${tenantId}', '4c98b424-ff35-4c27-894d-9fc6d9d49cc4', 'dc829215-2276-488c-a9a2-4d1b67436ad3', 1, 'be25720b-6dbf-4016-9635-b7a947866601', NULL, NULL);
INSERT INTO   "menu_details" ("id", "active_flag", "created_by", "created_on", "menu_name", "menu_path", "modified_by", "modified_on", "page_id", "tenant_id", "menu_id", "parent_menu_id", "display_order", "custom_page_id", "icon", "report_id") VALUES ('273be1f9-3441-4c87-b3e8-d8614ebb6b25', 'Y', '${customerUserId}', '2020-07-21 09:28:43.362', 'Create Workflow', 'workflow', '${customerUserId}', '2020-10-13 12:49:11.078', NULL, '${tenantId}', '4c98b424-ff35-4c27-894d-9fc6d9d49cc4', 'f99f201b-350b-4eff-9898-1b2b4b896360', 2, '0516ee11-c1bf-4488-a640-32410b008cfa', NULL, NULL);
INSERT INTO   "menu_details" ("id", "active_flag", "created_by", "created_on", "menu_name", "menu_path", "modified_by", "modified_on", "page_id", "tenant_id", "menu_id", "parent_menu_id", "display_order", "custom_page_id", "icon", "report_id") VALUES ('0085bcba-5e36-4e5b-b680-f23a5c6f2ba1', 'Y', '${customerUserId}', '2020-07-22 09:59:41.131', 'My Tasks', 'my-pending-task', '${customerUserId}', '2020-10-13 12:49:11.078', NULL, '${tenantId}', '4c98b424-ff35-4c27-894d-9fc6d9d49cc4', NULL, 3, '21b8264a-a55b-4672-b8c1-68b03bbbfb75', 'add_task', NULL);
INSERT INTO   "menu_details" ("id", "active_flag", "created_by", "created_on", "menu_name", "menu_path", "modified_by", "modified_on", "page_id", "tenant_id", "menu_id", "parent_menu_id", "display_order", "custom_page_id", "icon", "report_id") VALUES ('8863d442-22db-4d18-97b8-903492c078ff', 'Y', '${customerUserId}', '2020-04-18 16:08:12.139', 'Dashboard', 'dashboard', '${customerUserId}', '2020-10-13 12:49:11.078', NULL, '${tenantId}', '4c98b424-ff35-4c27-894d-9fc6d9d49cc4', 'f99f201b-350b-4eff-9898-1b2b4b896360', 1, '7644318d-afff-4a4f-8cd8-db88a7872b51', NULL, NULL);
INSERT INTO   "menu_details" ("id", "active_flag", "created_by", "created_on", "menu_name", "menu_path", "modified_by", "modified_on", "page_id", "tenant_id", "menu_id", "parent_menu_id", "display_order", "custom_page_id", "icon", "report_id") VALUES ('4d6485f9-6b2e-4fde-97b6-55bc68935bfe', 'Y', '${customerUserId}', '2020-04-21 19:49:08.961', 'User Management', 'user-management', '${customerUserId}', '2020-10-13 12:49:11.078', NULL, '${tenantId}', '4c98b424-ff35-4c27-894d-9fc6d9d49cc4', '80c04e8a-9aa2-4220-a3e3-56683563ffad', 1, 'c1495a3c-1db7-4a62-9bf9-52fe7dc24183', NULL, NULL);
INSERT INTO   "menu_details" ("id", "active_flag", "created_by", "created_on", "menu_name", "menu_path", "modified_by", "modified_on", "page_id", "tenant_id", "menu_id", "parent_menu_id", "display_order", "custom_page_id", "icon", "report_id") VALUES ('c0b883d4-25f4-494c-b990-3cd24ec2d27c', 'Y', '${customerUserId}', '2020-04-21 13:58:37.271', 'Security Group', 'group', '${customerUserId}', '2020-10-13 12:49:11.078', NULL, '${tenantId}', '4c98b424-ff35-4c27-894d-9fc6d9d49cc4', '80c04e8a-9aa2-4220-a3e3-56683563ffad', 2, 'caaf1762-fe57-4911-92e0-27013e1e0abc', NULL, NULL);
INSERT INTO   "menu_details" ("id", "active_flag", "created_by", "created_on", "menu_name", "menu_path", "modified_by", "modified_on", "page_id", "tenant_id", "menu_id", "parent_menu_id", "display_order", "custom_page_id", "icon", "report_id") VALUES ('d569d1bc-4e66-4fae-bc1a-978cb44178d9', 'Y', '${customerUserId}', '2020-04-18 17:12:26.983', 'Table Objects', 'table-object', '${customerUserId}', '2020-10-13 12:49:11.078', NULL, '${tenantId}', '4c98b424-ff35-4c27-894d-9fc6d9d49cc4', '80c04e8a-9aa2-4220-a3e3-56683563ffad', 5, '1935bd8a-045f-45f8-80be-442a96ba72ac', NULL, NULL);
INSERT INTO   "menu_details" ("id", "active_flag", "created_by", "created_on", "menu_name", "menu_path", "modified_by", "modified_on", "page_id", "tenant_id", "menu_id", "parent_menu_id", "display_order", "custom_page_id", "icon", "report_id") VALUES ('80c04e8a-9aa2-4220-a3e3-56683563ffad', 'Y', '${customerUserId}', '2020-04-21 13:31:34.182', 'Administration', '', '${customerUserId}', '2020-10-13 12:49:11.078', NULL, '${tenantId}', '4c98b424-ff35-4c27-894d-9fc6d9d49cc4', NULL, 7, NULL, 'admin_panel_settings', NULL);
INSERT INTO   "menu_details" ("id", "active_flag", "created_by", "created_on", "menu_name", "menu_path", "modified_by", "modified_on", "page_id", "tenant_id", "menu_id", "parent_menu_id", "display_order", "custom_page_id", "icon", "report_id") VALUES ('a620c1a4-4ccc-4156-9e40-7f86c1303300', 'Y', '${customerUserId}', '2020-05-11 20:09:16.394', 'Running Process', 'process-instance-running-list', '${customerUserId}', '2020-10-13 12:49:11.078', NULL, '${tenantId}', '4c98b424-ff35-4c27-894d-9fc6d9d49cc4', '2e463d60-466a-4574-a005-996c048eb6ea', 1, 'f38e5da3-d869-49a8-921b-532b15428c97', NULL, NULL);
INSERT INTO   "menu_details" ("id", "active_flag", "created_by", "created_on", "menu_name", "menu_path", "modified_by", "modified_on", "page_id", "tenant_id", "menu_id", "parent_menu_id", "display_order", "custom_page_id", "icon", "report_id") VALUES ('dc829215-2276-488c-a9a2-4d1b67436ad3', 'Y', '${customerUserId}', '2020-05-15 18:56:04.07', 'Application', '', '${customerUserId}', '2020-10-13 12:49:11.078', NULL, '${tenantId}', '4c98b424-ff35-4c27-894d-9fc6d9d49cc4', NULL, 5, NULL, 'important_devices', NULL);
INSERT INTO   "menu_details" ("id", "active_flag", "created_by", "created_on", "menu_name", "menu_path", "modified_by", "modified_on", "page_id", "tenant_id", "menu_id", "parent_menu_id", "display_order", "custom_page_id", "icon", "report_id") VALUES ('2e463d60-466a-4574-a005-996c048eb6ea', 'Y', '${customerUserId}', '2020-05-11 20:07:29.1', 'Processes', '', '${customerUserId}', '2020-10-13 12:49:11.078', NULL, '${tenantId}', '4c98b424-ff35-4c27-894d-9fc6d9d49cc4', NULL, 6, NULL, 'loop', NULL);
INSERT INTO   "menu_details" ("id", "active_flag", "created_by", "created_on", "menu_name", "menu_path", "modified_by", "modified_on", "page_id", "tenant_id", "menu_id", "parent_menu_id", "display_order", "custom_page_id", "icon", "report_id") VALUES ('8b87672a-3726-4a72-be97-b06091091aef', 'Y', '${customerUserId}', '2020-07-21 09:32:05.521', 'Workflow Applications', 'workflow-application', '${customerUserId}', '2020-10-13 12:49:11.078', NULL, '${tenantId}', '4c98b424-ff35-4c27-894d-9fc6d9d49cc4', 'f99f201b-350b-4eff-9898-1b2b4b896360', 3, '6d94cc3d-9f2e-4784-9512-12cf30c808e0', NULL, NULL);
INSERT INTO   "menu_details" ("id", "active_flag", "created_by", "created_on", "menu_name", "menu_path", "modified_by", "modified_on", "page_id", "tenant_id", "menu_id", "parent_menu_id", "display_order", "custom_page_id", "icon", "report_id") VALUES ('0adb83a4-1c6e-41dd-ae0e-0d2c82f045e6', 'Y', '${customerUserId}', '2020-10-13 17:22:46.354', 'Email Template', 'email-template', '${customerUserId}', '2020-10-13 17:25:41.798', NULL, '${tenantId}', '4c98b424-ff35-4c27-894d-9fc6d9d49cc4', '80c04e8a-9aa2-4220-a3e3-56683563ffad', 8, '9246e47e-e610-4f43-8336-901ed8581146', NULL, NULL);
INSERT INTO   "menu_details" ("id", "active_flag", "created_by", "created_on", "menu_name", "menu_path", "modified_by", "modified_on", "page_id", "tenant_id", "menu_id", "parent_menu_id", "display_order", "custom_page_id", "icon", "report_id") VALUES ('ae64cb30-d98c-4c87-9803-6418485ea4f8', 'Y', '${customerUserId}', '2020-10-13 15:31:41.626', 'Update Organization', 'user-update-org', '${customerUserId}', '2020-10-13 17:25:41.798', NULL, '${tenantId}', '4c98b424-ff35-4c27-894d-9fc6d9d49cc4', '80c04e8a-9aa2-4220-a3e3-56683563ffad', 6, 'f2a57315-307a-488c-a558-54de727ae87f', NULL, NULL);
INSERT INTO   "menu_details" ("id", "active_flag", "created_by", "created_on", "menu_name", "menu_path", "modified_by", "modified_on", "page_id", "tenant_id", "menu_id", "parent_menu_id", "display_order", "custom_page_id", "icon", "report_id") VALUES ('787d54f5-a645-4cb5-9e07-97ce668b99cb', 'Y', '${customerUserId}', '2020-10-28 14:01:32.867', 'Pages', '', '${customerUserId}', '2020-10-28 14:48:35.256', NULL, '${tenantId}', '4c98b424-ff35-4c27-894d-9fc6d9d49cc4', 'dc829215-2276-488c-a9a2-4d1b67436ad3', 7, NULL, NULL, NULL);
INSERT INTO   "menu_details" ("id", "active_flag", "created_by", "created_on", "menu_name", "menu_path", "modified_by", "modified_on", "page_id", "tenant_id", "menu_id", "parent_menu_id", "display_order", "custom_page_id", "icon", "report_id") VALUES ('83fc0fa8-31d4-4d23-b365-78925a0d20c9', 'Y', '${customerUserId}', '2020-10-28 14:48:43.455', 'Create Workflow Form', 'workflow-page', '${customerUserId}', '2020-10-28 14:48:35.256', NULL, '${tenantId}', '4c98b424-ff35-4c27-894d-9fc6d9d49cc4', 'f99f201b-350b-4eff-9898-1b2b4b896360', 4, '0691bcc5-9e61-430e-b29c-893bd3f1a944', NULL, NULL);
INSERT INTO   "menu_details" ("id", "active_flag", "created_by", "created_on", "menu_name", "menu_path", "modified_by", "modified_on", "page_id", "tenant_id", "menu_id", "parent_menu_id", "display_order", "custom_page_id", "icon", "report_id") VALUES ('b4310223-e017-4dde-8bb7-02549f1b21df', 'Y', '${customerUserId}', '2020-10-28 14:48:43.456', 'Workflow Form List', 'workflow-page-list', '${customerUserId}', '2020-10-28 14:48:35.256', NULL, '${tenantId}', '4c98b424-ff35-4c27-894d-9fc6d9d49cc4', 'f99f201b-350b-4eff-9898-1b2b4b896360', 5, '49aea159-9285-4391-a810-6b278a53f187', NULL, NULL);
INSERT INTO   "menu_details" ("id", "active_flag", "created_by", "created_on", "menu_name", "menu_path", "modified_by", "modified_on", "page_id", "tenant_id", "menu_id", "parent_menu_id", "display_order", "custom_page_id", "icon", "report_id") VALUES ('6d6899cb-de37-4840-85d7-696791d342a5', 'Y', '${customerUserId}', '2021-02-10 18:33:46.457', 'Cart Configuration', 'shopping-cart', '${customerUserId}', '2021-02-10 18:33:37.112', NULL, '${tenantId}', '4c98b424-ff35-4c27-894d-9fc6d9d49cc4', 'dc829215-2276-488c-a9a2-4d1b67436ad3', 4, '3ac906f2-cd52-4ede-83e6-4dc7e3e8d8ce', NULL, NULL);
INSERT INTO   "menu_details" ("id", "active_flag", "created_by", "created_on", "menu_name", "menu_path", "modified_by", "modified_on", "page_id", "tenant_id", "menu_id", "parent_menu_id", "display_order", "custom_page_id", "icon", "report_id") VALUES ('91dc7c3b-7685-4602-baca-a46631ca764a', 'Y', '${customerUserId}', '2021-02-26 19:23:21', 'Report Configuration', 'report-config', '${customerUserId}', '2021-02-26 19:23:21', NULL, '${tenantId}', '4c98b424-ff35-4c27-894d-9fc6d9d49cc4', 'f99f201b-350b-4eff-9898-1b2b4b896360', 6, '9353a265-f6b2-4c5b-a3fe-a79e75e83786', NULL, NULL);
INSERT INTO   "menu_details" ("id", "active_flag", "created_by", "created_on", "menu_name", "menu_path", "modified_by", "modified_on", "page_id", "tenant_id", "menu_id", "parent_menu_id", "display_order", "custom_page_id", "icon", "report_id") VALUES ('52be1d92-34f1-4678-b4a7-f76386ab61d5', 'Y', '${customerUserId}', '2020-05-15 19:40:08', 'Workflow Reports', '', '${customerUserId}', '2021-02-10 18:33:37', NULL, '${tenantId}', '4c98b424-ff35-4c27-894d-9fc6d9d49cc4', NULL, 3, NULL, 'report', NULL);
INSERT INTO   "menu_details" ("id", "active_flag", "created_by", "created_on", "menu_name", "menu_path", "modified_by", "modified_on", "page_id", "tenant_id", "menu_id", "parent_menu_id", "display_order", "custom_page_id", "icon", "report_id") VALUES ('e5be6b5d-2e2c-43da-84bd-b501a46f78b0', 'Y', '${customerUserId}', '2021-04-26 19:40:08', 'Taskboard', 'taskboard', '${customerUserId}', '2021-04-26 19:40:08', NULL, '${tenantId}', '4c98b424-ff35-4c27-894d-9fc6d9d49cc4', NULL, 11, '1ebc9ab4-2c5f-4702-a8e8-a718c3aa2fcc', 'dashboard', NULL);
INSERT INTO   "menu_details" ("id", "active_flag", "created_by", "created_on", "menu_name", "menu_path", "modified_by", "modified_on", "page_id", "tenant_id", "menu_id", "parent_menu_id", "display_order", "custom_page_id", "icon", "report_id") VALUES ('e6eaadc0-7e6f-4a84-98f0-7bb23366e3c3', 'Y', '${customerUserId}', '2020-08-31 14:40:58.443', 'Associate Users To Roles', 'user-role-association', '${customerUserId}', '2021-05-04 12:42:19.795', NULL, '${tenantId}', '4c98b424-ff35-4c27-894d-9fc6d9d49cc4', '80c04e8a-9aa2-4220-a3e3-56683563ffad', 4, '06c171d2-04b3-4760-9d10-c4dcc025d590', NULL, NULL);
INSERT INTO   "menu_details" ("id", "active_flag", "created_by", "created_on", "menu_name", "menu_path", "modified_by", "modified_on", "page_id", "tenant_id", "menu_id", "parent_menu_id", "display_order", "custom_page_id", "icon", "report_id") VALUES ('b307c767-5684-4056-a147-1fa847e89b07', 'Y', '${customerUserId}', '2020-10-13 17:22:46.354', 'Subscription', 'subscription', '${customerUserId}', '2021-05-04 12:42:19.795', NULL, '${tenantId}', '4c98b424-ff35-4c27-894d-9fc6d9d49cc4', '80c04e8a-9aa2-4220-a3e3-56683563ffad', 9, '7b0481c9-4c10-444a-95f3-71a192689b0f', '', NULL);
INSERT INTO   "menu_details" ("id", "active_flag", "created_by", "created_on", "menu_name", "menu_path", "modified_by", "modified_on", "page_id", "tenant_id", "menu_id", "parent_menu_id", "display_order", "custom_page_id", "icon", "report_id") VALUES ('503abf99-8bf6-4029-addc-1eb7a014a48e', 'Y', '${customerUserId}', '2020-10-13 17:22:46.354', 'Payment Settings', 'payment-settings', '${customerUserId}', '2021-05-04 12:42:19.795', NULL, '${tenantId}', '4c98b424-ff35-4c27-894d-9fc6d9d49cc4', '80c04e8a-9aa2-4220-a3e3-56683563ffad', 10, '5a42f502-2967-4ce5-9070-721479282d63', '', NULL);
INSERT INTO   "menu_details" ("id", "active_flag", "created_by", "created_on", "menu_name", "menu_path", "modified_by", "modified_on", "page_id", "tenant_id", "menu_id", "parent_menu_id", "display_order", "custom_page_id", "icon", "report_id") VALUES ('dfc8231b-3f13-4e96-a420-14ba1253fab8', 'Y', '${customerUserId}', '2021-07-16 17:38:43.609', 'My Apps', 'my-apps', '${customerUserId}', '2021-07-16 17:38:43.258', NULL, '${tenantId}', '4c98b424-ff35-4c27-894d-9fc6d9d49cc4', '80c04e8a-9aa2-4220-a3e3-56683563ffad', 11, 'eaeee36b-ab80-4791-990f-358265b2e344', '', NULL);

-- changeset pradeep:1627329793243-7
INSERT INTO   "menu_details_associate_roles" ("menu_details_associate_role_id", "menu_details_id", "role_id", "active_flag", "created_by", "created_on", "modified_by", "modified_on", "tenant_id", "menu_id") VALUES ('a58f3077-0762-46b2-9c29-e22a7e8a00a9', '8863d442-22db-4d18-97b8-903492c078ff', 'e9b0ca86-4335-413a-9330-6e319af63e66', 'Y', '${customerUserId}', '2020-04-20 20:56:33', '${customerUserId}', '2020-04-20 20:56:33', '${tenantId}', '4c98b424-ff35-4c27-894d-9fc6d9d49cc4');
INSERT INTO   "menu_details_associate_roles" ("menu_details_associate_role_id", "menu_details_id", "role_id", "active_flag", "created_by", "created_on", "modified_by", "modified_on", "tenant_id", "menu_id") VALUES ('590d3cde-7328-4fcd-b11e-63fe56ce175c', '15a5ce18-e0ed-43e7-8c9e-7b5f18c8cf68', 'e9b0ca86-4335-413a-9330-6e319af63e66', 'Y', '${customerUserId}', '2020-04-20 20:56:33', '${customerUserId}', '2020-04-20 20:56:33', '${tenantId}', '4c98b424-ff35-4c27-894d-9fc6d9d49cc4');
INSERT INTO   "menu_details_associate_roles" ("menu_details_associate_role_id", "menu_details_id", "role_id", "active_flag", "created_by", "created_on", "modified_by", "modified_on", "tenant_id", "menu_id") VALUES ('6ff3ab4f-7f3e-4e07-8ff7-fc380c25df26', '4ec68a6b-f006-4ade-93ed-31d69184648e', 'e9b0ca86-4335-413a-9330-6e319af63e66', 'Y', '${customerUserId}', '2020-04-20 20:56:33', '${customerUserId}', '2020-04-20 20:56:33', '${tenantId}', '4c98b424-ff35-4c27-894d-9fc6d9d49cc4');
INSERT INTO   "menu_details_associate_roles" ("menu_details_associate_role_id", "menu_details_id", "role_id", "active_flag", "created_by", "created_on", "modified_by", "modified_on", "tenant_id", "menu_id") VALUES ('b69ee3c5-bdbc-4770-8796-179410048496', '325dfb21-4118-4296-bb65-94b74e14d6f2', 'e9b0ca86-4335-413a-9330-6e319af63e66', 'Y', '${customerUserId}', '2020-04-20 20:56:33', '${customerUserId}', '2020-04-20 20:56:33', '${tenantId}', '4c98b424-ff35-4c27-894d-9fc6d9d49cc4');
INSERT INTO   "menu_details_associate_roles" ("menu_details_associate_role_id", "menu_details_id", "role_id", "active_flag", "created_by", "created_on", "modified_by", "modified_on", "tenant_id", "menu_id") VALUES ('08a52345-9464-48c7-b25a-86c91c8b9e14', '233a85a8-7748-4df9-a8f9-73df0b95c912', 'e9b0ca86-4335-413a-9330-6e319af63e66', 'Y', '${customerUserId}', '2020-04-20 20:56:33', '${customerUserId}', '2020-04-20 20:56:33', '${tenantId}', '4c98b424-ff35-4c27-894d-9fc6d9d49cc4');
INSERT INTO   "menu_details_associate_roles" ("menu_details_associate_role_id", "menu_details_id", "role_id", "active_flag", "created_by", "created_on", "modified_by", "modified_on", "tenant_id", "menu_id") VALUES ('bef736d9-c5ff-4ff3-a7cb-c88c9b262d15', '5475ddbd-1f6c-4e95-8218-c95b841dd3dc', 'e9b0ca86-4335-413a-9330-6e319af63e66', 'Y', '${customerUserId}', '2020-04-20 20:56:33', '${customerUserId}', '2020-04-20 20:56:33', '${tenantId}', '4c98b424-ff35-4c27-894d-9fc6d9d49cc4');
INSERT INTO   "menu_details_associate_roles" ("menu_details_associate_role_id", "menu_details_id", "role_id", "active_flag", "created_by", "created_on", "modified_by", "modified_on", "tenant_id", "menu_id") VALUES ('9d9c5238-f927-4f0b-8c31-2cabf10b29e3', 'b4db84d3-bd7d-4394-a580-6ffeb048d61a', 'e9b0ca86-4335-413a-9330-6e319af63e66', 'Y', '${customerUserId}', '2020-04-20 20:56:33', '${customerUserId}', '2020-04-20 20:56:33', '${tenantId}', '4c98b424-ff35-4c27-894d-9fc6d9d49cc4');
INSERT INTO   "menu_details_associate_roles" ("menu_details_associate_role_id", "menu_details_id", "role_id", "active_flag", "created_by", "created_on", "modified_by", "modified_on", "tenant_id", "menu_id") VALUES ('6fc8fd6b-039f-4215-9204-a65e011ea5e0', '2bd7de32-ed68-4ad2-a015-2a21a9cfe9a6', 'e9b0ca86-4335-413a-9330-6e319af63e66', 'Y', '${customerUserId}', '2020-04-20 20:56:33', '${customerUserId}', '2020-04-20 20:56:33', '${tenantId}', '4c98b424-ff35-4c27-894d-9fc6d9d49cc4');
INSERT INTO   "menu_details_associate_roles" ("menu_details_associate_role_id", "menu_details_id", "role_id", "active_flag", "created_by", "created_on", "modified_by", "modified_on", "tenant_id", "menu_id") VALUES ('9245bd81-83d1-4403-a8d1-320036bc686d', 'a2f5479d-3592-4cd7-af09-ec6b61973d9f', 'e9b0ca86-4335-413a-9330-6e319af63e66', 'Y', '${customerUserId}', '2020-04-20 20:56:33', '${customerUserId}', '2020-04-20 20:56:33', '${tenantId}', '4c98b424-ff35-4c27-894d-9fc6d9d49cc4');
INSERT INTO   "menu_details_associate_roles" ("menu_details_associate_role_id", "menu_details_id", "role_id", "active_flag", "created_by", "created_on", "modified_by", "modified_on", "tenant_id", "menu_id") VALUES ('7a033798-9752-4723-95a1-128e857a07cf', '2f5ef729-ce9f-41d0-90ba-1b42b1a14e22', 'e9b0ca86-4335-413a-9330-6e319af63e66', 'Y', '${customerUserId}', '2020-04-20 20:56:33', '${customerUserId}', '2020-04-20 20:56:33', '${tenantId}', '4c98b424-ff35-4c27-894d-9fc6d9d49cc4');
INSERT INTO   "menu_details_associate_roles" ("menu_details_associate_role_id", "menu_details_id", "role_id", "active_flag", "created_by", "created_on", "modified_by", "modified_on", "tenant_id", "menu_id") VALUES ('5e75c464-3217-4e4d-9acc-6df9c8d96f93', 'd4755ca7-9f88-43a3-8491-5e6971e87569', 'e9b0ca86-4335-413a-9330-6e319af63e66', 'Y', '${customerUserId}', '2020-04-20 20:56:33', '${customerUserId}', '2020-04-20 20:56:33', '${tenantId}', '4c98b424-ff35-4c27-894d-9fc6d9d49cc4');
INSERT INTO   "menu_details_associate_roles" ("menu_details_associate_role_id", "menu_details_id", "role_id", "active_flag", "created_by", "created_on", "modified_by", "modified_on", "tenant_id", "menu_id") VALUES ('82213120-3460-4584-97c5-439fb17cd168', 'bb7ae665-2adc-4cee-a026-881dbe0f6be7', 'e9b0ca86-4335-413a-9330-6e319af63e66', 'Y', '${customerUserId}', '2020-04-20 20:56:33', '${customerUserId}', '2020-04-20 20:56:33', '${tenantId}', '4c98b424-ff35-4c27-894d-9fc6d9d49cc4');
INSERT INTO   "menu_details_associate_roles" ("menu_details_associate_role_id", "menu_details_id", "role_id", "active_flag", "created_by", "created_on", "modified_by", "modified_on", "tenant_id", "menu_id") VALUES ('83dbccc4-eb74-43f9-9799-8ed7a0bc3c5f', '36fc6b9f-1f89-46ae-8c17-6761072a01d0', 'e9b0ca86-4335-413a-9330-6e319af63e66', 'Y', '${customerUserId}', '2020-04-20 20:56:33', '${customerUserId}', '2020-04-20 20:56:33', '${tenantId}', '4c98b424-ff35-4c27-894d-9fc6d9d49cc4');
INSERT INTO   "menu_details_associate_roles" ("menu_details_associate_role_id", "menu_details_id", "role_id", "active_flag", "created_by", "created_on", "modified_by", "modified_on", "tenant_id", "menu_id") VALUES ('9c0bcf3f-7efe-4fd1-b3b2-5c37f9e40f4e', '273be1f9-3441-4c87-b3e8-d8614ebb6b25', 'e9b0ca86-4335-413a-9330-6e319af63e66', 'Y', '${customerUserId}', '2020-04-20 20:56:33', '${customerUserId}', '2020-04-20 20:56:33', '${tenantId}', '4c98b424-ff35-4c27-894d-9fc6d9d49cc4');
INSERT INTO   "menu_details_associate_roles" ("menu_details_associate_role_id", "menu_details_id", "role_id", "active_flag", "created_by", "created_on", "modified_by", "modified_on", "tenant_id", "menu_id") VALUES ('615eef64-2292-454c-b330-17cb4a1c85c8', '0085bcba-5e36-4e5b-b680-f23a5c6f2ba1', 'e9b0ca86-4335-413a-9330-6e319af63e66', 'Y', '${customerUserId}', '2020-04-20 20:56:33', '${customerUserId}', '2020-04-20 20:56:33', '${tenantId}', '4c98b424-ff35-4c27-894d-9fc6d9d49cc4');
INSERT INTO   "menu_details_associate_roles" ("menu_details_associate_role_id", "menu_details_id", "role_id", "active_flag", "created_by", "created_on", "modified_by", "modified_on", "tenant_id", "menu_id") VALUES ('f264a65c-575f-4879-8037-bb655dc1d72b', '4d6485f9-6b2e-4fde-97b6-55bc68935bfe', 'e9b0ca86-4335-413a-9330-6e319af63e66', 'Y', '${customerUserId}', '2020-04-20 20:56:33', '${customerUserId}', '2020-04-20 20:56:33', '${tenantId}', '4c98b424-ff35-4c27-894d-9fc6d9d49cc4');
INSERT INTO   "menu_details_associate_roles" ("menu_details_associate_role_id", "menu_details_id", "role_id", "active_flag", "created_by", "created_on", "modified_by", "modified_on", "tenant_id", "menu_id") VALUES ('d6ed764d-ae81-4e44-8681-2cadeb0677ad', 'c0b883d4-25f4-494c-b990-3cd24ec2d27c', 'e9b0ca86-4335-413a-9330-6e319af63e66', 'Y', '${customerUserId}', '2020-04-20 20:56:33', '${customerUserId}', '2020-04-20 20:56:33', '${tenantId}', '4c98b424-ff35-4c27-894d-9fc6d9d49cc4');
INSERT INTO   "menu_details_associate_roles" ("menu_details_associate_role_id", "menu_details_id", "role_id", "active_flag", "created_by", "created_on", "modified_by", "modified_on", "tenant_id", "menu_id") VALUES ('5fd6622b-d553-4d98-8652-ec524cbb44a2', 'd569d1bc-4e66-4fae-bc1a-978cb44178d9', 'e9b0ca86-4335-413a-9330-6e319af63e66', 'Y', '${customerUserId}', '2020-04-20 20:56:33', '${customerUserId}', '2020-04-20 20:56:33', '${tenantId}', '4c98b424-ff35-4c27-894d-9fc6d9d49cc4');
INSERT INTO   "menu_details_associate_roles" ("menu_details_associate_role_id", "menu_details_id", "role_id", "active_flag", "created_by", "created_on", "modified_by", "modified_on", "tenant_id", "menu_id") VALUES ('e275b243-1b52-425a-9873-09695d5a5e38', '80c04e8a-9aa2-4220-a3e3-56683563ffad', 'e9b0ca86-4335-413a-9330-6e319af63e66', 'Y', '${customerUserId}', '2020-04-20 20:56:33', '${customerUserId}', '2020-04-20 20:56:33', '${tenantId}', '4c98b424-ff35-4c27-894d-9fc6d9d49cc4');
INSERT INTO   "menu_details_associate_roles" ("menu_details_associate_role_id", "menu_details_id", "role_id", "active_flag", "created_by", "created_on", "modified_by", "modified_on", "tenant_id", "menu_id") VALUES ('93408e14-f72d-4ebe-9685-346fcdda5451', 'a620c1a4-4ccc-4156-9e40-7f86c1303300', 'e9b0ca86-4335-413a-9330-6e319af63e66', 'Y', '${customerUserId}', '2020-04-20 20:56:33', '${customerUserId}', '2020-04-20 20:56:33', '${tenantId}', '4c98b424-ff35-4c27-894d-9fc6d9d49cc4');
INSERT INTO   "menu_details_associate_roles" ("menu_details_associate_role_id", "menu_details_id", "role_id", "active_flag", "created_by", "created_on", "modified_by", "modified_on", "tenant_id", "menu_id") VALUES ('0dce7125-f41c-4252-81c1-24c7f4534fd8', 'dc829215-2276-488c-a9a2-4d1b67436ad3', 'e9b0ca86-4335-413a-9330-6e319af63e66', 'Y', '${customerUserId}', '2020-04-20 20:56:33', '${customerUserId}', '2020-04-20 20:56:33', '${tenantId}', '4c98b424-ff35-4c27-894d-9fc6d9d49cc4');
INSERT INTO   "menu_details_associate_roles" ("menu_details_associate_role_id", "menu_details_id", "role_id", "active_flag", "created_by", "created_on", "modified_by", "modified_on", "tenant_id", "menu_id") VALUES ('3818d245-3120-4b68-bcff-f3b967faa4fa', '2e463d60-466a-4574-a005-996c048eb6ea', 'e9b0ca86-4335-413a-9330-6e319af63e66', 'Y', '${customerUserId}', '2020-04-20 20:56:33', '${customerUserId}', '2020-04-20 20:56:33', '${tenantId}', '4c98b424-ff35-4c27-894d-9fc6d9d49cc4');
INSERT INTO   "menu_details_associate_roles" ("menu_details_associate_role_id", "menu_details_id", "role_id", "active_flag", "created_by", "created_on", "modified_by", "modified_on", "tenant_id", "menu_id") VALUES ('26cf1f74-4ef8-4351-a3cc-ab65c38dfd10', '8b87672a-3726-4a72-be97-b06091091aef', 'e9b0ca86-4335-413a-9330-6e319af63e66', 'Y', '${customerUserId}', '2020-04-20 20:56:33', '${customerUserId}', '2020-04-20 20:56:33', '${tenantId}', '4c98b424-ff35-4c27-894d-9fc6d9d49cc4');
INSERT INTO   "menu_details_associate_roles" ("menu_details_associate_role_id", "menu_details_id", "role_id", "active_flag", "created_by", "created_on", "modified_by", "modified_on", "tenant_id", "menu_id") VALUES ('4495df94-db53-455e-ba0e-b49a71e981df', '0adb83a4-1c6e-41dd-ae0e-0d2c82f045e6', 'e9b0ca86-4335-413a-9330-6e319af63e66', 'Y', '${customerUserId}', '2020-04-20 20:56:33', '${customerUserId}', '2020-04-20 20:56:33', '${tenantId}', '4c98b424-ff35-4c27-894d-9fc6d9d49cc4');
INSERT INTO   "menu_details_associate_roles" ("menu_details_associate_role_id", "menu_details_id", "role_id", "active_flag", "created_by", "created_on", "modified_by", "modified_on", "tenant_id", "menu_id") VALUES ('f2c86b02-6309-4668-8ad0-68b059c9354a', 'ae64cb30-d98c-4c87-9803-6418485ea4f8', 'e9b0ca86-4335-413a-9330-6e319af63e66', 'Y', '${customerUserId}', '2020-04-20 20:56:33', '${customerUserId}', '2020-04-20 20:56:33', '${tenantId}', '4c98b424-ff35-4c27-894d-9fc6d9d49cc4');
INSERT INTO   "menu_details_associate_roles" ("menu_details_associate_role_id", "menu_details_id", "role_id", "active_flag", "created_by", "created_on", "modified_by", "modified_on", "tenant_id", "menu_id") VALUES ('4899b9ab-793e-490f-a0b5-410e2a25ad70', '787d54f5-a645-4cb5-9e07-97ce668b99cb', 'e9b0ca86-4335-413a-9330-6e319af63e66', 'Y', '${customerUserId}', '2020-04-20 20:56:33', '${customerUserId}', '2020-04-20 20:56:33', '${tenantId}', '4c98b424-ff35-4c27-894d-9fc6d9d49cc4');
INSERT INTO   "menu_details_associate_roles" ("menu_details_associate_role_id", "menu_details_id", "role_id", "active_flag", "created_by", "created_on", "modified_by", "modified_on", "tenant_id", "menu_id") VALUES ('1fe95785-02ad-4d43-b6de-7bc5c9fcb43e', '83fc0fa8-31d4-4d23-b365-78925a0d20c9', 'e9b0ca86-4335-413a-9330-6e319af63e66', 'Y', '${customerUserId}', '2020-04-20 20:56:33', '${customerUserId}', '2020-04-20 20:56:33', '${tenantId}', '4c98b424-ff35-4c27-894d-9fc6d9d49cc4');
INSERT INTO   "menu_details_associate_roles" ("menu_details_associate_role_id", "menu_details_id", "role_id", "active_flag", "created_by", "created_on", "modified_by", "modified_on", "tenant_id", "menu_id") VALUES ('28fd88c4-7b7b-4404-81ee-427957c67090', 'b4310223-e017-4dde-8bb7-02549f1b21df', 'e9b0ca86-4335-413a-9330-6e319af63e66', 'Y', '${customerUserId}', '2020-04-20 20:56:33', '${customerUserId}', '2020-04-20 20:56:33', '${tenantId}', '4c98b424-ff35-4c27-894d-9fc6d9d49cc4');
INSERT INTO   "menu_details_associate_roles" ("menu_details_associate_role_id", "menu_details_id", "role_id", "active_flag", "created_by", "created_on", "modified_by", "modified_on", "tenant_id", "menu_id") VALUES ('133d9278-d325-4b47-8696-e64b60388b1a', '6d6899cb-de37-4840-85d7-696791d342a5', 'e9b0ca86-4335-413a-9330-6e319af63e66', 'Y', '${customerUserId}', '2020-04-20 20:56:33', '${customerUserId}', '2020-04-20 20:56:33', '${tenantId}', '4c98b424-ff35-4c27-894d-9fc6d9d49cc4');
INSERT INTO   "menu_details_associate_roles" ("menu_details_associate_role_id", "menu_details_id", "role_id", "active_flag", "created_by", "created_on", "modified_by", "modified_on", "tenant_id", "menu_id") VALUES ('95ccce3f-9b0e-4f87-89f2-6fb1d6d0f53c', '91dc7c3b-7685-4602-baca-a46631ca764a', 'e9b0ca86-4335-413a-9330-6e319af63e66', 'Y', '${customerUserId}', '2020-04-20 20:56:33', '${customerUserId}', '2020-04-20 20:56:33', '${tenantId}', '4c98b424-ff35-4c27-894d-9fc6d9d49cc4');
INSERT INTO   "menu_details_associate_roles" ("menu_details_associate_role_id", "menu_details_id", "role_id", "active_flag", "created_by", "created_on", "modified_by", "modified_on", "tenant_id", "menu_id") VALUES ('92278daa-6974-43a8-99ac-8147c9e0477c', '52be1d92-34f1-4678-b4a7-f76386ab61d5', 'e9b0ca86-4335-413a-9330-6e319af63e66', 'Y', '${customerUserId}', '2020-04-20 20:56:33', '${customerUserId}', '2020-04-20 20:56:33', '${tenantId}', '4c98b424-ff35-4c27-894d-9fc6d9d49cc4');
INSERT INTO   "menu_details_associate_roles" ("menu_details_associate_role_id", "menu_details_id", "role_id", "active_flag", "created_by", "created_on", "modified_by", "modified_on", "tenant_id", "menu_id") VALUES ('453d1139-8157-468d-aac0-f35b5118d01e', 'e5be6b5d-2e2c-43da-84bd-b501a46f78b0', 'e9b0ca86-4335-413a-9330-6e319af63e66', 'Y', '${customerUserId}', '2020-04-20 20:56:33', '${customerUserId}', '2020-04-20 20:56:33', '${tenantId}', '4c98b424-ff35-4c27-894d-9fc6d9d49cc4');
INSERT INTO   "menu_details_associate_roles" ("menu_details_associate_role_id", "menu_details_id", "role_id", "active_flag", "created_by", "created_on", "modified_by", "modified_on", "tenant_id", "menu_id") VALUES ('2bb5a833-7ace-4a0a-891c-c620401a56e6', 'e6eaadc0-7e6f-4a84-98f0-7bb23366e3c3', 'e9b0ca86-4335-413a-9330-6e319af63e66', 'Y', '${customerUserId}', '2020-04-20 20:56:33', '${customerUserId}', '2020-04-20 20:56:33', '${tenantId}', '4c98b424-ff35-4c27-894d-9fc6d9d49cc4');
INSERT INTO   "menu_details_associate_roles" ("menu_details_associate_role_id", "menu_details_id", "role_id", "active_flag", "created_by", "created_on", "modified_by", "modified_on", "tenant_id", "menu_id") VALUES ('f4d52fd3-6e83-411b-af2c-d555519e6d7c', 'f99f201b-350b-4eff-9898-1b2b4b896360', 'e9b0ca86-4335-413a-9330-6e319af63e66', 'Y', '${customerUserId}', '2020-04-20 20:56:33', '${customerUserId}', '2020-04-20 20:56:33', '${tenantId}', '4c98b424-ff35-4c27-894d-9fc6d9d49cc4');
INSERT INTO   "menu_details_associate_roles" ("menu_details_associate_role_id", "menu_details_id", "role_id", "active_flag", "created_by", "created_on", "modified_by", "modified_on", "tenant_id", "menu_id") VALUES ('ad5cfe67-3e3a-42f2-8fd8-4c20f3afaad8', '8863d442-22db-4d18-97b8-903492c078ff', 'b8640dca-4b51-4951-be35-8072f3f7037e', 'Y', '${customerUserId}', '2020-04-20 20:56:33', '${customerUserId}', '2020-04-20 20:56:33', '${tenantId}', '4c98b424-ff35-4c27-894d-9fc6d9d49cc4');
INSERT INTO   "menu_details_associate_roles" ("menu_details_associate_role_id", "menu_details_id", "role_id", "active_flag", "created_by", "created_on", "modified_by", "modified_on", "tenant_id", "menu_id") VALUES ('d27c930e-612a-42cf-99a9-e34cbd711f78', '15a5ce18-e0ed-43e7-8c9e-7b5f18c8cf68', 'b8640dca-4b51-4951-be35-8072f3f7037e', 'Y', '${customerUserId}', '2020-04-20 20:56:33', '${customerUserId}', '2020-04-20 20:56:33', '${tenantId}', '4c98b424-ff35-4c27-894d-9fc6d9d49cc4');
INSERT INTO   "menu_details_associate_roles" ("menu_details_associate_role_id", "menu_details_id", "role_id", "active_flag", "created_by", "created_on", "modified_by", "modified_on", "tenant_id", "menu_id") VALUES ('b4138ffc-aab0-4b66-95d0-9ca57959c3eb', '4ec68a6b-f006-4ade-93ed-31d69184648e', 'b8640dca-4b51-4951-be35-8072f3f7037e', 'Y', '${customerUserId}', '2020-04-20 20:56:33', '${customerUserId}', '2020-04-20 20:56:33', '${tenantId}', '4c98b424-ff35-4c27-894d-9fc6d9d49cc4');
INSERT INTO   "menu_details_associate_roles" ("menu_details_associate_role_id", "menu_details_id", "role_id", "active_flag", "created_by", "created_on", "modified_by", "modified_on", "tenant_id", "menu_id") VALUES ('c399ee77-01f1-4734-a508-ba8c3ef541ef', '325dfb21-4118-4296-bb65-94b74e14d6f2', 'b8640dca-4b51-4951-be35-8072f3f7037e', 'Y', '${customerUserId}', '2020-04-20 20:56:33', '${customerUserId}', '2020-04-20 20:56:33', '${tenantId}', '4c98b424-ff35-4c27-894d-9fc6d9d49cc4');
INSERT INTO   "menu_details_associate_roles" ("menu_details_associate_role_id", "menu_details_id", "role_id", "active_flag", "created_by", "created_on", "modified_by", "modified_on", "tenant_id", "menu_id") VALUES ('33d046af-b7cb-42fc-aed7-4dc6d9a0e64c', '233a85a8-7748-4df9-a8f9-73df0b95c912', 'b8640dca-4b51-4951-be35-8072f3f7037e', 'Y', '${customerUserId}', '2020-04-20 20:56:33', '${customerUserId}', '2020-04-20 20:56:33', '${tenantId}', '4c98b424-ff35-4c27-894d-9fc6d9d49cc4');
INSERT INTO   "menu_details_associate_roles" ("menu_details_associate_role_id", "menu_details_id", "role_id", "active_flag", "created_by", "created_on", "modified_by", "modified_on", "tenant_id", "menu_id") VALUES ('ca36c8f0-b0c3-4568-b485-b287f16b4001', '5475ddbd-1f6c-4e95-8218-c95b841dd3dc', 'b8640dca-4b51-4951-be35-8072f3f7037e', 'Y', '${customerUserId}', '2020-04-20 20:56:33', '${customerUserId}', '2020-04-20 20:56:33', '${tenantId}', '4c98b424-ff35-4c27-894d-9fc6d9d49cc4');
INSERT INTO   "menu_details_associate_roles" ("menu_details_associate_role_id", "menu_details_id", "role_id", "active_flag", "created_by", "created_on", "modified_by", "modified_on", "tenant_id", "menu_id") VALUES ('d433c076-7e4c-46fd-bd6a-619199e6d1ef', 'b4db84d3-bd7d-4394-a580-6ffeb048d61a', 'b8640dca-4b51-4951-be35-8072f3f7037e', 'Y', '${customerUserId}', '2020-04-20 20:56:33', '${customerUserId}', '2020-04-20 20:56:33', '${tenantId}', '4c98b424-ff35-4c27-894d-9fc6d9d49cc4');
INSERT INTO   "menu_details_associate_roles" ("menu_details_associate_role_id", "menu_details_id", "role_id", "active_flag", "created_by", "created_on", "modified_by", "modified_on", "tenant_id", "menu_id") VALUES ('a5144b0a-a344-4b65-a51b-3bb22b7f8c27', '2bd7de32-ed68-4ad2-a015-2a21a9cfe9a6', 'b8640dca-4b51-4951-be35-8072f3f7037e', 'Y', '${customerUserId}', '2020-04-20 20:56:33', '${customerUserId}', '2020-04-20 20:56:33', '${tenantId}', '4c98b424-ff35-4c27-894d-9fc6d9d49cc4');
INSERT INTO   "menu_details_associate_roles" ("menu_details_associate_role_id", "menu_details_id", "role_id", "active_flag", "created_by", "created_on", "modified_by", "modified_on", "tenant_id", "menu_id") VALUES ('45550b6c-b08d-4f80-a01e-14cfc6f69998', 'a2f5479d-3592-4cd7-af09-ec6b61973d9f', 'b8640dca-4b51-4951-be35-8072f3f7037e', 'Y', '${customerUserId}', '2020-04-20 20:56:33', '${customerUserId}', '2020-04-20 20:56:33', '${tenantId}', '4c98b424-ff35-4c27-894d-9fc6d9d49cc4');
INSERT INTO   "menu_details_associate_roles" ("menu_details_associate_role_id", "menu_details_id", "role_id", "active_flag", "created_by", "created_on", "modified_by", "modified_on", "tenant_id", "menu_id") VALUES ('0e037b3f-1ae9-4982-8443-7c592fb10c0c', '2f5ef729-ce9f-41d0-90ba-1b42b1a14e22', 'b8640dca-4b51-4951-be35-8072f3f7037e', 'Y', '${customerUserId}', '2020-04-20 20:56:33', '${customerUserId}', '2020-04-20 20:56:33', '${tenantId}', '4c98b424-ff35-4c27-894d-9fc6d9d49cc4');
INSERT INTO   "menu_details_associate_roles" ("menu_details_associate_role_id", "menu_details_id", "role_id", "active_flag", "created_by", "created_on", "modified_by", "modified_on", "tenant_id", "menu_id") VALUES ('3c7073fc-f128-4282-a34c-c41d5f775ab9', 'd4755ca7-9f88-43a3-8491-5e6971e87569', 'b8640dca-4b51-4951-be35-8072f3f7037e', 'Y', '${customerUserId}', '2020-04-20 20:56:33', '${customerUserId}', '2020-04-20 20:56:33', '${tenantId}', '4c98b424-ff35-4c27-894d-9fc6d9d49cc4');
INSERT INTO   "menu_details_associate_roles" ("menu_details_associate_role_id", "menu_details_id", "role_id", "active_flag", "created_by", "created_on", "modified_by", "modified_on", "tenant_id", "menu_id") VALUES ('38a4784c-6194-44d8-9a10-c18d1abf975f', 'bb7ae665-2adc-4cee-a026-881dbe0f6be7', 'b8640dca-4b51-4951-be35-8072f3f7037e', 'Y', '${customerUserId}', '2020-04-20 20:56:33', '${customerUserId}', '2020-04-20 20:56:33', '${tenantId}', '4c98b424-ff35-4c27-894d-9fc6d9d49cc4');
INSERT INTO   "menu_details_associate_roles" ("menu_details_associate_role_id", "menu_details_id", "role_id", "active_flag", "created_by", "created_on", "modified_by", "modified_on", "tenant_id", "menu_id") VALUES ('b24211d8-983f-4713-aca8-956bf268c4f2', '36fc6b9f-1f89-46ae-8c17-6761072a01d0', 'b8640dca-4b51-4951-be35-8072f3f7037e', 'Y', '${customerUserId}', '2020-04-20 20:56:33', '${customerUserId}', '2020-04-20 20:56:33', '${tenantId}', '4c98b424-ff35-4c27-894d-9fc6d9d49cc4');
INSERT INTO   "menu_details_associate_roles" ("menu_details_associate_role_id", "menu_details_id", "role_id", "active_flag", "created_by", "created_on", "modified_by", "modified_on", "tenant_id", "menu_id") VALUES ('741c3bbb-cced-42b6-8f38-e78fb9048355', '273be1f9-3441-4c87-b3e8-d8614ebb6b25', 'b8640dca-4b51-4951-be35-8072f3f7037e', 'Y', '${customerUserId}', '2020-04-20 20:56:33', '${customerUserId}', '2020-04-20 20:56:33', '${tenantId}', '4c98b424-ff35-4c27-894d-9fc6d9d49cc4');
INSERT INTO   "menu_details_associate_roles" ("menu_details_associate_role_id", "menu_details_id", "role_id", "active_flag", "created_by", "created_on", "modified_by", "modified_on", "tenant_id", "menu_id") VALUES ('59c8a654-d292-4e17-8026-805179bf4f9c', '0085bcba-5e36-4e5b-b680-f23a5c6f2ba1', 'b8640dca-4b51-4951-be35-8072f3f7037e', 'Y', '${customerUserId}', '2020-04-20 20:56:33', '${customerUserId}', '2020-04-20 20:56:33', '${tenantId}', '4c98b424-ff35-4c27-894d-9fc6d9d49cc4');
INSERT INTO   "menu_details_associate_roles" ("menu_details_associate_role_id", "menu_details_id", "role_id", "active_flag", "created_by", "created_on", "modified_by", "modified_on", "tenant_id", "menu_id") VALUES ('cf2b2c8f-ea35-407b-93f6-e1740881a135', '4d6485f9-6b2e-4fde-97b6-55bc68935bfe', 'b8640dca-4b51-4951-be35-8072f3f7037e', 'Y', '${customerUserId}', '2020-04-20 20:56:33', '${customerUserId}', '2020-04-20 20:56:33', '${tenantId}', '4c98b424-ff35-4c27-894d-9fc6d9d49cc4');
INSERT INTO   "menu_details_associate_roles" ("menu_details_associate_role_id", "menu_details_id", "role_id", "active_flag", "created_by", "created_on", "modified_by", "modified_on", "tenant_id", "menu_id") VALUES ('2b8c0727-f276-4fd8-8257-a2235d8237db', 'c0b883d4-25f4-494c-b990-3cd24ec2d27c', 'b8640dca-4b51-4951-be35-8072f3f7037e', 'Y', '${customerUserId}', '2020-04-20 20:56:33', '${customerUserId}', '2020-04-20 20:56:33', '${tenantId}', '4c98b424-ff35-4c27-894d-9fc6d9d49cc4');
INSERT INTO   "menu_details_associate_roles" ("menu_details_associate_role_id", "menu_details_id", "role_id", "active_flag", "created_by", "created_on", "modified_by", "modified_on", "tenant_id", "menu_id") VALUES ('db03065b-9564-4015-858d-1d1e26485e07', 'd569d1bc-4e66-4fae-bc1a-978cb44178d9', 'b8640dca-4b51-4951-be35-8072f3f7037e', 'Y', '${customerUserId}', '2020-04-20 20:56:33', '${customerUserId}', '2020-04-20 20:56:33', '${tenantId}', '4c98b424-ff35-4c27-894d-9fc6d9d49cc4');
INSERT INTO   "menu_details_associate_roles" ("menu_details_associate_role_id", "menu_details_id", "role_id", "active_flag", "created_by", "created_on", "modified_by", "modified_on", "tenant_id", "menu_id") VALUES ('f2ecabf0-4808-44d3-9b43-f1ec0a08568c', '80c04e8a-9aa2-4220-a3e3-56683563ffad', 'b8640dca-4b51-4951-be35-8072f3f7037e', 'Y', '${customerUserId}', '2020-04-20 20:56:33', '${customerUserId}', '2020-04-20 20:56:33', '${tenantId}', '4c98b424-ff35-4c27-894d-9fc6d9d49cc4');
INSERT INTO   "menu_details_associate_roles" ("menu_details_associate_role_id", "menu_details_id", "role_id", "active_flag", "created_by", "created_on", "modified_by", "modified_on", "tenant_id", "menu_id") VALUES ('1d798daa-ed33-4804-86b0-2c2799813966', 'a620c1a4-4ccc-4156-9e40-7f86c1303300', 'b8640dca-4b51-4951-be35-8072f3f7037e', 'Y', '${customerUserId}', '2020-04-20 20:56:33', '${customerUserId}', '2020-04-20 20:56:33', '${tenantId}', '4c98b424-ff35-4c27-894d-9fc6d9d49cc4');
INSERT INTO   "menu_details_associate_roles" ("menu_details_associate_role_id", "menu_details_id", "role_id", "active_flag", "created_by", "created_on", "modified_by", "modified_on", "tenant_id", "menu_id") VALUES ('7171801f-d03e-445a-aee9-3e62075c244c', 'dc829215-2276-488c-a9a2-4d1b67436ad3', 'b8640dca-4b51-4951-be35-8072f3f7037e', 'Y', '${customerUserId}', '2020-04-20 20:56:33', '${customerUserId}', '2020-04-20 20:56:33', '${tenantId}', '4c98b424-ff35-4c27-894d-9fc6d9d49cc4');
INSERT INTO   "menu_details_associate_roles" ("menu_details_associate_role_id", "menu_details_id", "role_id", "active_flag", "created_by", "created_on", "modified_by", "modified_on", "tenant_id", "menu_id") VALUES ('115c2623-1e8d-48b8-a68f-8146e6967b5f', '2e463d60-466a-4574-a005-996c048eb6ea', 'b8640dca-4b51-4951-be35-8072f3f7037e', 'Y', '${customerUserId}', '2020-04-20 20:56:33', '${customerUserId}', '2020-04-20 20:56:33', '${tenantId}', '4c98b424-ff35-4c27-894d-9fc6d9d49cc4');
INSERT INTO   "menu_details_associate_roles" ("menu_details_associate_role_id", "menu_details_id", "role_id", "active_flag", "created_by", "created_on", "modified_by", "modified_on", "tenant_id", "menu_id") VALUES ('b55a2d1f-5f21-4f78-9d5e-d79cb941f9dd', '8b87672a-3726-4a72-be97-b06091091aef', 'b8640dca-4b51-4951-be35-8072f3f7037e', 'Y', '${customerUserId}', '2020-04-20 20:56:33', '${customerUserId}', '2020-04-20 20:56:33', '${tenantId}', '4c98b424-ff35-4c27-894d-9fc6d9d49cc4');
INSERT INTO   "menu_details_associate_roles" ("menu_details_associate_role_id", "menu_details_id", "role_id", "active_flag", "created_by", "created_on", "modified_by", "modified_on", "tenant_id", "menu_id") VALUES ('a1d1298c-3843-4b27-9ad3-d1e884c0edd8', '0adb83a4-1c6e-41dd-ae0e-0d2c82f045e6', 'b8640dca-4b51-4951-be35-8072f3f7037e', 'Y', '${customerUserId}', '2020-04-20 20:56:33', '${customerUserId}', '2020-04-20 20:56:33', '${tenantId}', '4c98b424-ff35-4c27-894d-9fc6d9d49cc4');
INSERT INTO   "menu_details_associate_roles" ("menu_details_associate_role_id", "menu_details_id", "role_id", "active_flag", "created_by", "created_on", "modified_by", "modified_on", "tenant_id", "menu_id") VALUES ('74f42b34-577b-43ec-b286-79f86a597bf2', 'ae64cb30-d98c-4c87-9803-6418485ea4f8', 'b8640dca-4b51-4951-be35-8072f3f7037e', 'Y', '${customerUserId}', '2020-04-20 20:56:33', '${customerUserId}', '2020-04-20 20:56:33', '${tenantId}', '4c98b424-ff35-4c27-894d-9fc6d9d49cc4');
INSERT INTO   "menu_details_associate_roles" ("menu_details_associate_role_id", "menu_details_id", "role_id", "active_flag", "created_by", "created_on", "modified_by", "modified_on", "tenant_id", "menu_id") VALUES ('0981963b-b8dd-49bc-b4b4-46eb72632a37', '787d54f5-a645-4cb5-9e07-97ce668b99cb', 'b8640dca-4b51-4951-be35-8072f3f7037e', 'Y', '${customerUserId}', '2020-04-20 20:56:33', '${customerUserId}', '2020-04-20 20:56:33', '${tenantId}', '4c98b424-ff35-4c27-894d-9fc6d9d49cc4');
INSERT INTO   "menu_details_associate_roles" ("menu_details_associate_role_id", "menu_details_id", "role_id", "active_flag", "created_by", "created_on", "modified_by", "modified_on", "tenant_id", "menu_id") VALUES ('4520e09a-680c-496e-86cf-75a4827858ca', '83fc0fa8-31d4-4d23-b365-78925a0d20c9', 'b8640dca-4b51-4951-be35-8072f3f7037e', 'Y', '${customerUserId}', '2020-04-20 20:56:33', '${customerUserId}', '2020-04-20 20:56:33', '${tenantId}', '4c98b424-ff35-4c27-894d-9fc6d9d49cc4');
INSERT INTO   "menu_details_associate_roles" ("menu_details_associate_role_id", "menu_details_id", "role_id", "active_flag", "created_by", "created_on", "modified_by", "modified_on", "tenant_id", "menu_id") VALUES ('c0f5c17d-48cb-44f9-accd-4884193bb318', 'b4310223-e017-4dde-8bb7-02549f1b21df', 'b8640dca-4b51-4951-be35-8072f3f7037e', 'Y', '${customerUserId}', '2020-04-20 20:56:33', '${customerUserId}', '2020-04-20 20:56:33', '${tenantId}', '4c98b424-ff35-4c27-894d-9fc6d9d49cc4');
INSERT INTO   "menu_details_associate_roles" ("menu_details_associate_role_id", "menu_details_id", "role_id", "active_flag", "created_by", "created_on", "modified_by", "modified_on", "tenant_id", "menu_id") VALUES ('8d57764a-4932-4233-a309-54543ceb5e2b', '6d6899cb-de37-4840-85d7-696791d342a5', 'b8640dca-4b51-4951-be35-8072f3f7037e', 'Y', '${customerUserId}', '2020-04-20 20:56:33', '${customerUserId}', '2020-04-20 20:56:33', '${tenantId}', '4c98b424-ff35-4c27-894d-9fc6d9d49cc4');
INSERT INTO   "menu_details_associate_roles" ("menu_details_associate_role_id", "menu_details_id", "role_id", "active_flag", "created_by", "created_on", "modified_by", "modified_on", "tenant_id", "menu_id") VALUES ('4305dcfc-371b-49c5-84d2-c41e4df35b0e', '91dc7c3b-7685-4602-baca-a46631ca764a', 'b8640dca-4b51-4951-be35-8072f3f7037e', 'Y', '${customerUserId}', '2020-04-20 20:56:33', '${customerUserId}', '2020-04-20 20:56:33', '${tenantId}', '4c98b424-ff35-4c27-894d-9fc6d9d49cc4');
INSERT INTO   "menu_details_associate_roles" ("menu_details_associate_role_id", "menu_details_id", "role_id", "active_flag", "created_by", "created_on", "modified_by", "modified_on", "tenant_id", "menu_id") VALUES ('10f9a7be-d35b-41b2-b876-dfb56ff4df9c', '52be1d92-34f1-4678-b4a7-f76386ab61d5', 'b8640dca-4b51-4951-be35-8072f3f7037e', 'Y', '${customerUserId}', '2020-04-20 20:56:33', '${customerUserId}', '2020-04-20 20:56:33', '${tenantId}', '4c98b424-ff35-4c27-894d-9fc6d9d49cc4');
INSERT INTO   "menu_details_associate_roles" ("menu_details_associate_role_id", "menu_details_id", "role_id", "active_flag", "created_by", "created_on", "modified_by", "modified_on", "tenant_id", "menu_id") VALUES ('6102ac50-c175-4ab5-bb6d-dd16849af15f', 'e5be6b5d-2e2c-43da-84bd-b501a46f78b0', 'b8640dca-4b51-4951-be35-8072f3f7037e', 'Y', '${customerUserId}', '2020-04-20 20:56:33', '${customerUserId}', '2020-04-20 20:56:33', '${tenantId}', '4c98b424-ff35-4c27-894d-9fc6d9d49cc4');
INSERT INTO   "menu_details_associate_roles" ("menu_details_associate_role_id", "menu_details_id", "role_id", "active_flag", "created_by", "created_on", "modified_by", "modified_on", "tenant_id", "menu_id") VALUES ('61d13a47-71a2-4e35-a7d3-6911c9d8f7d7', 'e6eaadc0-7e6f-4a84-98f0-7bb23366e3c3', 'b8640dca-4b51-4951-be35-8072f3f7037e', 'Y', '${customerUserId}', '2020-04-20 20:56:33', '${customerUserId}', '2020-04-20 20:56:33', '${tenantId}', '4c98b424-ff35-4c27-894d-9fc6d9d49cc4');
INSERT INTO   "menu_details_associate_roles" ("menu_details_associate_role_id", "menu_details_id", "role_id", "active_flag", "created_by", "created_on", "modified_by", "modified_on", "tenant_id", "menu_id") VALUES ('10cdc224-0457-426c-9d54-77b49d689a0b', 'f99f201b-350b-4eff-9898-1b2b4b896360', 'b8640dca-4b51-4951-be35-8072f3f7037e', 'Y', '${customerUserId}', '2020-04-20 20:56:33', '${customerUserId}', '2020-04-20 20:56:33', '${tenantId}', '4c98b424-ff35-4c27-894d-9fc6d9d49cc4');
INSERT INTO   "menu_details_associate_roles" ("menu_details_associate_role_id", "menu_details_id", "role_id", "active_flag", "created_by", "created_on", "modified_by", "modified_on", "tenant_id", "menu_id") VALUES ('393ec9e8-fe11-4b44-998a-216e14a5238b', '4d6485f9-6b2e-4fde-97b6-55bc68935bfe', '2421d7f0-d453-4431-952f-90421ddb5a00', 'Y', '${customerUserId}', '2020-04-20 20:56:33', '${customerUserId}', '2020-04-20 20:56:33', '${tenantId}', '4c98b424-ff35-4c27-894d-9fc6d9d49cc4');
INSERT INTO   "menu_details_associate_roles" ("menu_details_associate_role_id", "menu_details_id", "role_id", "active_flag", "created_by", "created_on", "modified_by", "modified_on", "tenant_id", "menu_id") VALUES ('b664f6aa-35ee-41d6-9fe0-0e558128cbfa', 'c0b883d4-25f4-494c-b990-3cd24ec2d27c', '2421d7f0-d453-4431-952f-90421ddb5a00', 'Y', '${customerUserId}', '2020-04-20 20:56:33', '${customerUserId}', '2020-04-20 20:56:33', '${tenantId}', '4c98b424-ff35-4c27-894d-9fc6d9d49cc4');
INSERT INTO   "menu_details_associate_roles" ("menu_details_associate_role_id", "menu_details_id", "role_id", "active_flag", "created_by", "created_on", "modified_by", "modified_on", "tenant_id", "menu_id") VALUES ('171d440f-7986-4994-862e-83d2e4eff852', 'd4755ca7-9f88-43a3-8491-5e6971e87569', '2421d7f0-d453-4431-952f-90421ddb5a00', 'Y', '${customerUserId}', '2020-04-20 20:56:33', '${customerUserId}', '2020-04-20 20:56:33', '${tenantId}', '4c98b424-ff35-4c27-894d-9fc6d9d49cc4');
INSERT INTO   "menu_details_associate_roles" ("menu_details_associate_role_id", "menu_details_id", "role_id", "active_flag", "created_by", "created_on", "modified_by", "modified_on", "tenant_id", "menu_id") VALUES ('5b4ae649-a29b-44ec-b809-46bbe8be4414', 'e6eaadc0-7e6f-4a84-98f0-7bb23366e3c3', '2421d7f0-d453-4431-952f-90421ddb5a00', 'Y', '${customerUserId}', '2020-04-20 20:56:33', '${customerUserId}', '2020-04-20 20:56:33', '${tenantId}', '4c98b424-ff35-4c27-894d-9fc6d9d49cc4');
INSERT INTO   "menu_details_associate_roles" ("menu_details_associate_role_id", "menu_details_id", "role_id", "active_flag", "created_by", "created_on", "modified_by", "modified_on", "tenant_id", "menu_id") VALUES ('7e33f85e-f08d-4a42-b70c-79d46055bf0a', '2f5ef729-ce9f-41d0-90ba-1b42b1a14e22', '9c8d079c-a61f-4201-a395-4f5153c38068', 'Y', '${customerUserId}', '2020-04-20 20:56:33', '${customerUserId}', '2020-04-20 20:56:33', '${tenantId}', '4c98b424-ff35-4c27-894d-9fc6d9d49cc4');
INSERT INTO   "menu_details_associate_roles" ("menu_details_associate_role_id", "menu_details_id", "role_id", "active_flag", "created_by", "created_on", "modified_by", "modified_on", "tenant_id", "menu_id") VALUES ('75284846-b7cb-4099-8ef1-766d25b85d66', '5475ddbd-1f6c-4e95-8218-c95b841dd3dc', '9c8d079c-a61f-4201-a395-4f5153c38068', 'Y', '${customerUserId}', '2020-04-20 20:56:33', '${customerUserId}', '2020-04-20 20:56:33', '${tenantId}', '4c98b424-ff35-4c27-894d-9fc6d9d49cc4');
INSERT INTO   "menu_details_associate_roles" ("menu_details_associate_role_id", "menu_details_id", "role_id", "active_flag", "created_by", "created_on", "modified_by", "modified_on", "tenant_id", "menu_id") VALUES ('8c882eaa-a14f-45ec-90ef-c602e1bfddf3', '787d54f5-a645-4cb5-9e07-97ce668b99cb', '9c8d079c-a61f-4201-a395-4f5153c38068', 'Y', '${customerUserId}', '2020-04-20 20:56:33', '${customerUserId}', '2020-04-20 20:56:33', '${tenantId}', '4c98b424-ff35-4c27-894d-9fc6d9d49cc4');
INSERT INTO   "menu_details_associate_roles" ("menu_details_associate_role_id", "menu_details_id", "role_id", "active_flag", "created_by", "created_on", "modified_by", "modified_on", "tenant_id", "menu_id") VALUES ('0440aee6-045c-436a-9642-a4e00f600ad9', 'bb7ae665-2adc-4cee-a026-881dbe0f6be7', '9c8d079c-a61f-4201-a395-4f5153c38068', 'Y', '${customerUserId}', '2020-04-20 20:56:33', '${customerUserId}', '2020-04-20 20:56:33', '${tenantId}', '4c98b424-ff35-4c27-894d-9fc6d9d49cc4');
INSERT INTO   "menu_details_associate_roles" ("menu_details_associate_role_id", "menu_details_id", "role_id", "active_flag", "created_by", "created_on", "modified_by", "modified_on", "tenant_id", "menu_id") VALUES ('229f4594-481a-4b9d-95bf-2ec31e3f88f8', 'a2f5479d-3592-4cd7-af09-ec6b61973d9f', '9c8d079c-a61f-4201-a395-4f5153c38068', 'Y', '${customerUserId}', '2020-04-20 20:56:33', '${customerUserId}', '2020-04-20 20:56:33', '${tenantId}', '4c98b424-ff35-4c27-894d-9fc6d9d49cc4');
INSERT INTO   "menu_details_associate_roles" ("menu_details_associate_role_id", "menu_details_id", "role_id", "active_flag", "created_by", "created_on", "modified_by", "modified_on", "tenant_id", "menu_id") VALUES ('1d3f11ce-9e0b-4258-b0e3-d26b5a96db74', '6d6899cb-de37-4840-85d7-696791d342a5', '9c8d079c-a61f-4201-a395-4f5153c38068', 'Y', '${customerUserId}', '2020-04-20 20:56:33', '${customerUserId}', '2020-04-20 20:56:33', '${tenantId}', '4c98b424-ff35-4c27-894d-9fc6d9d49cc4');
INSERT INTO   "menu_details_associate_roles" ("menu_details_associate_role_id", "menu_details_id", "role_id", "active_flag", "created_by", "created_on", "modified_by", "modified_on", "tenant_id", "menu_id") VALUES ('16a77c76-33cb-4db8-a898-fd7bb69a5e63', '36fc6b9f-1f89-46ae-8c17-6761072a01d0', '9c8d079c-a61f-4201-a395-4f5153c38068', 'Y', '${customerUserId}', '2020-04-20 20:56:33', '${customerUserId}', '2020-04-20 20:56:33', '${tenantId}', '4c98b424-ff35-4c27-894d-9fc6d9d49cc4');
INSERT INTO   "menu_details_associate_roles" ("menu_details_associate_role_id", "menu_details_id", "role_id", "active_flag", "created_by", "created_on", "modified_by", "modified_on", "tenant_id", "menu_id") VALUES ('f50eff8f-c2db-49f9-b5e7-af77482c22eb', '15a5ce18-e0ed-43e7-8c9e-7b5f18c8cf68', '9c8d079c-a61f-4201-a395-4f5153c38068', 'Y', '${customerUserId}', '2020-04-20 20:56:33', '${customerUserId}', '2020-04-20 20:56:33', '${tenantId}', '4c98b424-ff35-4c27-894d-9fc6d9d49cc4');
INSERT INTO   "menu_details_associate_roles" ("menu_details_associate_role_id", "menu_details_id", "role_id", "active_flag", "created_by", "created_on", "modified_by", "modified_on", "tenant_id", "menu_id") VALUES ('42826f67-7e1c-4bb2-bdba-9514e96a11a1', '2bd7de32-ed68-4ad2-a015-2a21a9cfe9a6', '9c8d079c-a61f-4201-a395-4f5153c38068', 'Y', '${customerUserId}', '2020-04-20 20:56:33', '${customerUserId}', '2020-04-20 20:56:33', '${tenantId}', '4c98b424-ff35-4c27-894d-9fc6d9d49cc4');
INSERT INTO   "menu_details_associate_roles" ("menu_details_associate_role_id", "menu_details_id", "role_id", "active_flag", "created_by", "created_on", "modified_by", "modified_on", "tenant_id", "menu_id") VALUES ('ab50c484-e856-45c0-aaee-d19c8f67ee17', 'b4db84d3-bd7d-4394-a580-6ffeb048d61a', '9c8d079c-a61f-4201-a395-4f5153c38068', 'Y', '${customerUserId}', '2020-04-20 20:56:33', '${customerUserId}', '2020-04-20 20:56:33', '${tenantId}', '4c98b424-ff35-4c27-894d-9fc6d9d49cc4');
INSERT INTO   "menu_details_associate_roles" ("menu_details_associate_role_id", "menu_details_id", "role_id", "active_flag", "created_by", "created_on", "modified_by", "modified_on", "tenant_id", "menu_id") VALUES ('73fffd68-471b-4b40-a74e-444b9aec20e9', '0085bcba-5e36-4e5b-b680-f23a5c6f2ba1', '0af6950d-f073-4553-a557-4a1e59a20f2f', 'Y', '${customerUserId}', '2020-04-20 20:56:33', '${customerUserId}', '2020-04-20 20:56:33', '${tenantId}', '4c98b424-ff35-4c27-894d-9fc6d9d49cc4');
INSERT INTO   "menu_details_associate_roles" ("menu_details_associate_role_id", "menu_details_id", "role_id", "active_flag", "created_by", "created_on", "modified_by", "modified_on", "tenant_id", "menu_id") VALUES ('27c326b7-b89a-4fbf-b5d2-1a5970c757ad', '8b87672a-3726-4a72-be97-b06091091aef', '0af6950d-f073-4553-a557-4a1e59a20f2f', 'Y', '${customerUserId}', '2020-04-20 20:56:33', '${customerUserId}', '2020-04-20 20:56:33', '${tenantId}', '4c98b424-ff35-4c27-894d-9fc6d9d49cc4');
INSERT INTO   "menu_details_associate_roles" ("menu_details_associate_role_id", "menu_details_id", "role_id", "active_flag", "created_by", "created_on", "modified_by", "modified_on", "tenant_id", "menu_id") VALUES ('5184abab-5fdb-4b07-8d41-9f28f31b8282', '36fc6b9f-1f89-46ae-8c17-6761072a01d0', '0af6950d-f073-4553-a557-4a1e59a20f2f', 'Y', '${customerUserId}', '2020-04-20 20:56:33', '${customerUserId}', '2020-04-20 20:56:33', '${tenantId}', '4c98b424-ff35-4c27-894d-9fc6d9d49cc4');
INSERT INTO   "menu_details_associate_roles" ("menu_details_associate_role_id", "menu_details_id", "role_id", "active_flag", "created_by", "created_on", "modified_by", "modified_on", "tenant_id", "menu_id") VALUES ('91f6daf8-315f-4b39-be2b-dc7a95f8ab50', 'e5be6b5d-2e2c-43da-84bd-b501a46f78b0', '0af6950d-f073-4553-a557-4a1e59a20f2f', 'Y', '${customerUserId}', '2020-04-20 20:56:33', '${customerUserId}', '2020-04-20 20:56:33', '${tenantId}', '4c98b424-ff35-4c27-894d-9fc6d9d49cc4');
INSERT INTO   "menu_details_associate_roles" ("menu_details_associate_role_id", "menu_details_id", "role_id", "active_flag", "created_by", "created_on", "modified_by", "modified_on", "tenant_id", "menu_id") VALUES ('74cc8bde-b31e-4c89-b3d3-0cc5224595dd', '0085bcba-5e36-4e5b-b680-f23a5c6f2ba1', 'aef72506-8ccc-49cc-bdd9-8b62e4fbd4b7', 'Y', '${customerUserId}', '2020-04-20 20:56:33', '${customerUserId}', '2020-04-20 20:56:33', '${tenantId}', '4c98b424-ff35-4c27-894d-9fc6d9d49cc4');
INSERT INTO   "menu_details_associate_roles" ("menu_details_associate_role_id", "menu_details_id", "role_id", "active_flag", "created_by", "created_on", "modified_by", "modified_on", "tenant_id", "menu_id") VALUES ('954634a6-98d4-42c1-9619-5885860ba217', '8b87672a-3726-4a72-be97-b06091091aef', 'aef72506-8ccc-49cc-bdd9-8b62e4fbd4b7', 'Y', '${customerUserId}', '2020-04-20 20:56:33', '${customerUserId}', '2020-04-20 20:56:33', '${tenantId}', '4c98b424-ff35-4c27-894d-9fc6d9d49cc4');
INSERT INTO   "menu_details_associate_roles" ("menu_details_associate_role_id", "menu_details_id", "role_id", "active_flag", "created_by", "created_on", "modified_by", "modified_on", "tenant_id", "menu_id") VALUES ('9f9e0567-7acc-4300-8d04-fcf6a3c5c4b3', '36fc6b9f-1f89-46ae-8c17-6761072a01d0', 'aef72506-8ccc-49cc-bdd9-8b62e4fbd4b7', 'Y', '${customerUserId}', '2020-04-20 20:56:33', '${customerUserId}', '2020-04-20 20:56:33', '${tenantId}', '4c98b424-ff35-4c27-894d-9fc6d9d49cc4');
INSERT INTO   "menu_details_associate_roles" ("menu_details_associate_role_id", "menu_details_id", "role_id", "active_flag", "created_by", "created_on", "modified_by", "modified_on", "tenant_id", "menu_id") VALUES ('436f6af8-2b63-45ee-92a2-bb46dde90ab1', 'e5be6b5d-2e2c-43da-84bd-b501a46f78b0', 'aef72506-8ccc-49cc-bdd9-8b62e4fbd4b7', 'Y', '${customerUserId}', '2020-04-20 20:56:33', '${customerUserId}', '2020-04-20 20:56:33', '${tenantId}', '4c98b424-ff35-4c27-894d-9fc6d9d49cc4');
INSERT INTO   "menu_details_associate_roles" ("menu_details_associate_role_id", "menu_details_id", "role_id", "active_flag", "created_by", "created_on", "modified_by", "modified_on", "tenant_id", "menu_id") VALUES ('416f5310-52e8-4037-ac2b-ab4b6f098b52', 'f99f201b-350b-4eff-9898-1b2b4b896360', '0af6950d-f073-4553-a557-4a1e59a20f2f', 'Y', '${customerUserId}', '2020-04-20 20:56:33', '${customerUserId}', '2020-04-20 20:56:33', '${tenantId}', '4c98b424-ff35-4c27-894d-9fc6d9d49cc4');
INSERT INTO   "menu_details_associate_roles" ("menu_details_associate_role_id", "menu_details_id", "role_id", "active_flag", "created_by", "created_on", "modified_by", "modified_on", "tenant_id", "menu_id") VALUES ('8da10ceb-63fa-444f-a4c4-bddca6a3d89b', 'dc829215-2276-488c-a9a2-4d1b67436ad3', '0af6950d-f073-4553-a557-4a1e59a20f2f', 'Y', '${customerUserId}', '2020-04-20 20:56:33', '${customerUserId}', '2020-04-20 20:56:33', '${tenantId}', '4c98b424-ff35-4c27-894d-9fc6d9d49cc4');
INSERT INTO   "menu_details_associate_roles" ("menu_details_associate_role_id", "menu_details_id", "role_id", "active_flag", "created_by", "created_on", "modified_by", "modified_on", "tenant_id", "menu_id") VALUES ('07ecc9be-9c2d-40a6-87ec-fab412614117', 'f99f201b-350b-4eff-9898-1b2b4b896360', 'aef72506-8ccc-49cc-bdd9-8b62e4fbd4b7', 'Y', '${customerUserId}', '2020-04-20 20:56:33', '${customerUserId}', '2020-04-20 20:56:33', '${tenantId}', '4c98b424-ff35-4c27-894d-9fc6d9d49cc4');
INSERT INTO   "menu_details_associate_roles" ("menu_details_associate_role_id", "menu_details_id", "role_id", "active_flag", "created_by", "created_on", "modified_by", "modified_on", "tenant_id", "menu_id") VALUES ('89d7e4b4-02c4-4251-b7cb-83a018691ea3', 'dc829215-2276-488c-a9a2-4d1b67436ad3', 'aef72506-8ccc-49cc-bdd9-8b62e4fbd4b7', 'Y', '${customerUserId}', '2020-04-20 20:56:33', '${customerUserId}', '2020-04-20 20:56:33', '${tenantId}', '4c98b424-ff35-4c27-894d-9fc6d9d49cc4');
INSERT INTO   "menu_details_associate_roles" ("menu_details_associate_role_id", "menu_details_id", "role_id", "active_flag", "created_by", "created_on", "modified_by", "modified_on", "tenant_id", "menu_id") VALUES ('331a97b4-d814-4aea-855f-c3af19ba9c37', '80c04e8a-9aa2-4220-a3e3-56683563ffad', '2421d7f0-d453-4431-952f-90421ddb5a00', 'Y', '${customerUserId}', '2020-04-20 20:56:33', '${customerUserId}', '2020-04-20 20:56:33', '${tenantId}', '4c98b424-ff35-4c27-894d-9fc6d9d49cc4');
INSERT INTO   "menu_details_associate_roles" ("menu_details_associate_role_id", "menu_details_id", "role_id", "active_flag", "created_by", "created_on", "modified_by", "modified_on", "tenant_id", "menu_id") VALUES ('d30d827e-5603-4cfe-8936-34e26d8bdb77', 'dc829215-2276-488c-a9a2-4d1b67436ad3', '9c8d079c-a61f-4201-a395-4f5153c38068', 'Y', '${customerUserId}', '2020-04-20 20:56:33', '${customerUserId}', '2020-04-20 20:56:33', '${tenantId}', '4c98b424-ff35-4c27-894d-9fc6d9d49cc4');
INSERT INTO   "menu_details_associate_roles" ("menu_details_associate_role_id", "menu_details_id", "role_id", "active_flag", "created_by", "created_on", "modified_by", "modified_on", "tenant_id", "menu_id") VALUES ('4eca6375-4abb-4a0a-a9ff-f071c969372c', 'b307c767-5684-4056-a147-1fa847e89b07', 'b375d7a3-fced-492e-8e5a-199c7a188cf3', 'Y', '${customerUserId}', '2020-04-20 20:56:33', '${customerUserId}', '2020-04-20 20:56:33', '${tenantId}', '4c98b424-ff35-4c27-894d-9fc6d9d49cc4');
INSERT INTO   "menu_details_associate_roles" ("menu_details_associate_role_id", "menu_details_id", "role_id", "active_flag", "created_by", "created_on", "modified_by", "modified_on", "tenant_id", "menu_id") VALUES ('cdb17de6-ec97-4768-b840-67764710a1f8', '503abf99-8bf6-4029-addc-1eb7a014a48e', 'b375d7a3-fced-492e-8e5a-199c7a188cf3', 'Y', '${customerUserId}', '2020-04-20 20:56:33', '${customerUserId}', '2020-04-20 20:56:33', '${tenantId}', '4c98b424-ff35-4c27-894d-9fc6d9d49cc4');
INSERT INTO   "menu_details_associate_roles" ("menu_details_associate_role_id", "menu_details_id", "role_id", "active_flag", "created_by", "created_on", "modified_by", "modified_on", "tenant_id", "menu_id") VALUES ('b004afa3-54cb-415d-93b0-b8a4869913c7', '80c04e8a-9aa2-4220-a3e3-56683563ffad', 'b375d7a3-fced-492e-8e5a-199c7a188cf3', 'Y', '${customerUserId}', '2020-04-20 20:56:33', '${customerUserId}', '2020-04-20 20:56:33', '${tenantId}', '4c98b424-ff35-4c27-894d-9fc6d9d49cc4');
INSERT INTO   "menu_details_associate_roles" ("menu_details_associate_role_id", "menu_details_id", "role_id", "active_flag", "created_by", "created_on", "modified_by", "modified_on", "tenant_id", "menu_id") VALUES ('aaad12a0-83c3-4513-b565-79d40f5d5ef0', 'e5be6b5d-2e2c-43da-84bd-b501a46f78b0', '42d69c59-6da6-415c-9ccc-5213474c1bc6', 'Y', '${customerUserId}', '2020-04-20 20:56:33', '${customerUserId}', '2020-04-20 20:56:33', '${tenantId}', '4c98b424-ff35-4c27-894d-9fc6d9d49cc4');
INSERT INTO   "menu_details_associate_roles" ("menu_details_associate_role_id", "menu_details_id", "role_id", "active_flag", "created_by", "created_on", "modified_by", "modified_on", "tenant_id", "menu_id") VALUES ('c7f3eceb-2bef-4310-8a0c-b0457a8c6b7b', 'f99f201b-350b-4eff-9898-1b2b4b896360', '2bb8fd56-715e-4ff7-b7d3-3228703cc4c0', 'Y', '${customerUserId}', '2020-04-20 20:56:33', '${customerUserId}', '2020-04-20 20:56:33', '${tenantId}', '4c98b424-ff35-4c27-894d-9fc6d9d49cc4');
INSERT INTO   "menu_details_associate_roles" ("menu_details_associate_role_id", "menu_details_id", "role_id", "active_flag", "created_by", "created_on", "modified_by", "modified_on", "tenant_id", "menu_id") VALUES ('999615a1-26a7-43ed-847b-f0a72fbba7eb', '273be1f9-3441-4c87-b3e8-d8614ebb6b25', '2bb8fd56-715e-4ff7-b7d3-3228703cc4c0', 'Y', '${customerUserId}', '2020-04-20 20:56:33', '${customerUserId}', '2020-04-20 20:56:33', '${tenantId}', '4c98b424-ff35-4c27-894d-9fc6d9d49cc4');
INSERT INTO   "menu_details_associate_roles" ("menu_details_associate_role_id", "menu_details_id", "role_id", "active_flag", "created_by", "created_on", "modified_by", "modified_on", "tenant_id", "menu_id") VALUES ('9857e9c5-67d9-4305-8962-3d3afe06ea5a', '8863d442-22db-4d18-97b8-903492c078ff', '2bb8fd56-715e-4ff7-b7d3-3228703cc4c0', 'Y', '${customerUserId}', '2020-04-20 20:56:33', '${customerUserId}', '2020-04-20 20:56:33', '${tenantId}', '4c98b424-ff35-4c27-894d-9fc6d9d49cc4');
INSERT INTO   "menu_details_associate_roles" ("menu_details_associate_role_id", "menu_details_id", "role_id", "active_flag", "created_by", "created_on", "modified_by", "modified_on", "tenant_id", "menu_id") VALUES ('8f4aa645-4c54-4231-b889-9d9800fd7669', '91dc7c3b-7685-4602-baca-a46631ca764a', '2bb8fd56-715e-4ff7-b7d3-3228703cc4c0', 'Y', '${customerUserId}', '2020-04-20 20:56:33', '${customerUserId}', '2020-04-20 20:56:33', '${tenantId}', '4c98b424-ff35-4c27-894d-9fc6d9d49cc4');
INSERT INTO   "menu_details_associate_roles" ("menu_details_associate_role_id", "menu_details_id", "role_id", "active_flag", "created_by", "created_on", "modified_by", "modified_on", "tenant_id", "menu_id") VALUES ('2247b248-e05b-4ee9-ab03-f3728e4980fb', '8b87672a-3726-4a72-be97-b06091091aef', '2bb8fd56-715e-4ff7-b7d3-3228703cc4c0', 'Y', '${customerUserId}', '2020-04-20 20:56:33', '${customerUserId}', '2020-04-20 20:56:33', '${tenantId}', '4c98b424-ff35-4c27-894d-9fc6d9d49cc4');
INSERT INTO   "menu_details_associate_roles" ("menu_details_associate_role_id", "menu_details_id", "role_id", "active_flag", "created_by", "created_on", "modified_by", "modified_on", "tenant_id", "menu_id") VALUES ('d96dec56-fc08-407f-9e05-d3946e6cef17', '83fc0fa8-31d4-4d23-b365-78925a0d20c9', '2bb8fd56-715e-4ff7-b7d3-3228703cc4c0', 'Y', '${customerUserId}', '2020-04-20 20:56:33', '${customerUserId}', '2020-04-20 20:56:33', '${tenantId}', '4c98b424-ff35-4c27-894d-9fc6d9d49cc4');
INSERT INTO   "menu_details_associate_roles" ("menu_details_associate_role_id", "menu_details_id", "role_id", "active_flag", "created_by", "created_on", "modified_by", "modified_on", "tenant_id", "menu_id") VALUES ('935c622f-4f2f-47e9-9895-5709d73ee666', 'b4310223-e017-4dde-8bb7-02549f1b21df', '2bb8fd56-715e-4ff7-b7d3-3228703cc4c0', 'Y', '${customerUserId}', '2020-04-20 20:56:33', '${customerUserId}', '2020-04-20 20:56:33', '${tenantId}', '4c98b424-ff35-4c27-894d-9fc6d9d49cc4');
INSERT INTO   "menu_details_associate_roles" ("menu_details_associate_role_id", "menu_details_id", "role_id", "active_flag", "created_by", "created_on", "modified_by", "modified_on", "tenant_id", "menu_id") VALUES ('6edb75a5-ad02-453d-ab16-78a1e063c6fa', '52be1d92-34f1-4678-b4a7-f76386ab61d5', '2bb8fd56-715e-4ff7-b7d3-3228703cc4c0', 'Y', '${customerUserId}', '2020-04-20 20:56:33', '${customerUserId}', '2020-04-20 20:56:33', '${tenantId}', '4c98b424-ff35-4c27-894d-9fc6d9d49cc4');
INSERT INTO   "menu_details_associate_roles" ("menu_details_associate_role_id", "menu_details_id", "role_id", "active_flag", "created_by", "created_on", "modified_by", "modified_on", "tenant_id", "menu_id") VALUES ('268f3581-b058-4bb4-934f-73f974441f5b', 'dfc8231b-3f13-4e96-a420-14ba1253fab8', 'e9b0ca86-4335-413a-9330-6e319af63e66', 'Y', '${customerUserId}', '2020-04-20 20:56:33', '${customerUserId}', '2020-04-20 20:56:33', '${tenantId}', '4c98b424-ff35-4c27-894d-9fc6d9d49cc4');
INSERT INTO   "menu_details_associate_roles" ("menu_details_associate_role_id", "menu_details_id", "role_id", "active_flag", "created_by", "created_on", "modified_by", "modified_on", "tenant_id", "menu_id") VALUES ('a58e3bf9-cb6a-4ce2-874e-a6c148fda886', 'dfc8231b-3f13-4e96-a420-14ba1253fab8', 'b8640dca-4b51-4951-be35-8072f3f7037e', 'Y', '${customerUserId}', '2020-04-20 20:56:33', '${customerUserId}', '2020-04-20 20:56:33', '${tenantId}', '4c98b424-ff35-4c27-894d-9fc6d9d49cc4');


-- changeset pradeep:1627329793243-18
INSERT INTO   "org_auth_methods" ("id", "auth_provider", "allowed_domains", "tenant_id", "created_by", "created_on", "modified_by", "modified_on", "active_flag") VALUES ('f3edef3b-2218-43eb-92d9-a79bce2e23d9', 'Yoroflow sign in', '', '${tenantId}', '${customerUserId}', '2021-03-31 06:07:29.826', '${customerUserId}', '2021-03-31 06:07:29.826', 'Y');
INSERT INTO   "org_auth_methods" ("id", "auth_provider", "allowed_domains", "tenant_id", "created_by", "created_on", "modified_by", "modified_on", "active_flag") VALUES ('7faa3999-ed7f-4b55-b038-89c90d834138', 'Sign in with Google', 'all', '${tenantId}', '${customerUserId}', '2021-03-31 06:07:29.827', '${customerUserId}', '2021-03-31 06:08:38.444', 'N');
INSERT INTO   "org_auth_methods" ("id", "auth_provider", "allowed_domains", "tenant_id", "created_by", "created_on", "modified_by", "modified_on", "active_flag") VALUES ('96a2d48c-ed46-44de-9a4c-a56a512b50a0', 'Sign in with Microsoft', 'all', '${tenantId}', '${customerUserId}', '2021-03-31 06:07:29.827', '${customerUserId}', '2021-03-31 06:08:38.446', 'N');

-- changeset pradeep:1627329793243-19
INSERT INTO   "org_integrated_apps" ("id", "app_name", "tenant_id", "created_by", "created_on", "modified_by", "modified_on", "active_flag", "auth_token", "is_removed") VALUES ('c9531d0e-4df8-4535-9397-c3a62e710d4d', 'Microsoft Teams', '${tenantId}', '${customerUserId}', '2021-07-16 22:52:00.549', '${customerUserId}', '2021-07-21 18:49:06.541', 'Y', NULL, 'Y');
INSERT INTO   "org_integrated_apps" ("id", "app_name", "tenant_id", "created_by", "created_on", "modified_by", "modified_on", "active_flag", "auth_token", "is_removed") VALUES ('04dcccd8-c501-449c-b393-633a63ad981e', 'Slack', '${tenantId}', '${customerUserId}', '2021-07-16 22:53:09.547', '${customerUserId}', '2021-07-22 18:16:26.24', 'Y', NULL, 'Y');

-- changeset pradeep:1627329793243-20
--INSERT INTO   "organization" ("id", "active_flag", "allowed_domain_names", "organization_url", "subdomain_name", "created_by", "created_on", "modified_by", "modified_on", "org_name", "tenant_id", "logo", "theme_id", "background_image") VALUES ('b8782e2c-dcb5-45f5-977f-eb7d3e480929', 'Y', '', 'liquibase.com', 'ldb', 'liquibase@user.com', '2021-07-26 19:27:19.741', 'liquibase@user.com', '2021-07-26 19:27:19.741', 'Liquibase Org', '${tenantId}', NULL, NULL, NULL);

-- changeset pradeep:1627329793243-21
INSERT INTO   "organization_preferences" ("id", "default_page_size", "pending_task_color", "completed_task_color", "error_task_color", "draft_task_color", "approve_task_color", "reject_task_color", "created_by", "created_on", "modified_by", "modified_on", "active_flag", "tenant_id") VALUES ('5df541a9-8714-4630-b41d-7b48259b21b9', 5, '#D5F1DF', '#E0DEF2', '#FBB6BD', '#ECECCF', '#BCFBE0', '#E1D2CC', '${customerUserId}', '2020-11-06 22:04:22.864', '${customerUserId}', '2021-01-11 20:39:31.868', 'Y', '${tenantId}');

-- changeset pradeep:1627329793243-22
--INSERT INTO   "service_token" ("id", "api_name", "api_key", "secret_key", "expires_on", "active_flag", "created_by", "created_on", "modified_by", "modified_on", "user_id", "internal", "tenant_id") VALUES ('308ba631-0b9d-46e6-86dd-31225598eddc', 'Admin API Key', 'customer_0000147.54b7326ee3334494949c1f07c5b89e8959e527a982f44581b5b72e55afec5060', 'dVfeZ5jEZsKIEBbfzuyIxWjvd0v9IRE8', '2022-07-26 19:27:21.025943', 'Y', 'liquibase@user.com', '2021-07-26 19:27:21.025', 'liquibase@user.com', '2021-07-26 19:27:21.025', '1611d1d3-6d3e-4fcf-bd38-18b863a76c8a', 'Y', '${tenantId}');

-- changeset pradeep:1627329793243-23
--INSERT INTO   "user_permission" ("id", "page_id", "page_name", "workflow_key", "workflow_name", "active_flag", "create_allowed", "delete_allowed", "read_allowed", "update_allowed", "launch_allowed", "publish_allowed", "modified_by", "modified_on", "created_by", "created_on", "version", "service_token_id") VALUES ('31917388-b714-48a3-ae32-b443f5ea2fac', 'failedtask', 'Failed Task', NULL, NULL, 'Y', NULL, NULL, 'Y', NULL, NULL, NULL, 'liquibase@user.com', '2021-07-26 19:27:21.025', 'liquibase@user.com', '2021-07-26 19:27:21.025', 1, '308ba631-0b9d-46e6-86dd-31225598eddc');

-- changeset pradeep:1627329793243-24
INSERT INTO   "yoro_time_zone" ("id", "time_zone_code", "time_zone_label", "default_time_zone", "created_by", "created_date", "updated_by", "updated_date", "tenant_id", "active_flag") VALUES ('8ab65761-91ee-4ab2-aa8a-a2f7270f0d69', 'America/New_York', 'Eastern Standard Time', 'Y', '${customerUserId}', '2020-11-04 20:34:08', 'liquibase@user.com', '2021-07-26 11:42:34.127', '${tenantId}', 'Y');
INSERT INTO   "yoro_time_zone" ("id", "time_zone_code", "time_zone_label", "default_time_zone", "created_by", "created_date", "updated_by", "updated_date", "tenant_id", "active_flag") VALUES ('a0ada713-6766-4997-b287-a3263e9196eb', 'America/Costa_Rica', 'Central Standard Time', 'N', '${customerUserId}', '2020-11-04 20:34:08', 'liquibase@user.com', '2021-07-26 11:42:34.127', '${tenantId}', 'Y');
INSERT INTO   "yoro_time_zone" ("id", "time_zone_code", "time_zone_label", "default_time_zone", "created_by", "created_date", "updated_by", "updated_date", "tenant_id", "active_flag") VALUES ('72ff5035-0fca-4cb4-94b8-d7caa9827d36', 'America/Los_Angeles', 'Pacific Standard Time', 'N', '${customerUserId}', '2020-11-04 20:34:08', 'liquibase@user.com', '2021-07-26 11:42:34.127', '${tenantId}', 'Y');
INSERT INTO   "yoro_time_zone" ("id", "time_zone_code", "time_zone_label", "default_time_zone", "created_by", "created_date", "updated_by", "updated_date", "tenant_id", "active_flag") VALUES ('b9de72ee-c965-4455-9311-ab8900e1ad7e', 'America/Anchorage', 'Alaska Standard Time', 'N', '${customerUserId}', '2020-11-04 20:34:08', 'liquibase@user.com', '2021-07-26 11:42:34.127', '${tenantId}', 'Y');
INSERT INTO   "yoro_time_zone" ("id", "time_zone_code", "time_zone_label", "default_time_zone", "created_by", "created_date", "updated_by", "updated_date", "tenant_id", "active_flag") VALUES ('c1495a3c-1db7-4a62-9bf9-52fe7dc24183', 'Asia/Calcutta', 'India Standard Time', 'N', '${customerUserId}', '2020-11-04 20:34:08', 'liquibase@user.com', '2021-07-26 11:42:34.127', '${tenantId}', 'Y');

-- changeset pradeep:1627329793243-25
INSERT INTO   "yorosis_themes" ("id", "theme_name", "theme_id", "created_by", "created_on", "modified_by", "modified_on", "active_flag", "tenant_id") VALUES ('1757435a-426a-4034-8252-ea91d5a7c6f1', 'Yoroflow Theme', 'Yoroflow-theme', '${customerUserId}', '2020-05-15 22:03:48', '${customerUserId}', '2020-05-15 22:03:48', 'Y', '${tenantId}');

